FisheriesGuild,Year,Metric,Value
crustacean,1970,F_FMEAN,0.139577747989276
crustacean,1971,F_FMEAN,0.123156836461126
crustacean,1972,F_FMEAN,0.155998659517426
crustacean,1973,F_FMEAN,0.155998659517426
crustacean,1974,F_FMEAN,0.180630026809651
crustacean,1975,F_FMEAN,0.180630026809651
crustacean,1976,F_FMEAN,0.205261394101877
crustacean,1977,F_FMEAN,0.410522788203753
crustacean,1978,F_FMEAN,0.804624664879357
crustacean,1979,F_FMEAN,0.722520107238606
crustacean,1980,F_FMEAN,0.829256032171582
crustacean,1981,F_FMEAN,0.763572386058981
crustacean,1982,F_FMEAN,0.960623324396783
crustacean,1983,F_FMEAN,1.60103887399464
crustacean,1984,F_FMEAN,2.68481903485255
crustacean,1985,F_FMEAN,3.80965147453083
crustacean,1986,F_FMEAN,2.38924262734584
crustacean,1987,F_FMEAN,1.48609249329759
crustacean,1988,F_FMEAN,1.33830428954424
crustacean,1989,F_FMEAN,1.51893431635389
crustacean,1990,F_FMEAN,1.78987935656836
crustacean,1991,F_FMEAN,1.67493297587131
crustacean,1992,F_FMEAN,1.53535522788204
crustacean,1993,F_FMEAN,1.56819705093834
crustacean,1994,F_FMEAN,0.845676943699732
crustacean,1995,F_FMEAN,0.607573726541555
crustacean,1996,F_FMEAN,0.771782841823056
crustacean,1997,F_FMEAN,0.714309651474531
crustacean,1998,F_FMEAN,1.08378016085791
crustacean,1999,F_FMEAN,1.66672252010724
crustacean,2000,F_FMEAN,1.98693029490617
crustacean,2001,F_FMEAN,1.36293565683646
crustacean,2002,F_FMEAN,1.52714477211796
crustacean,2003,F_FMEAN,1.11662198391421
crustacean,2004,F_FMEAN,0.878518766756032
crustacean,2005,F_FMEAN,0.779993297587131
crustacean,2006,F_FMEAN,0.591152815013405
crustacean,2007,F_FMEAN,0.640415549597855
crustacean,2008,F_FMEAN,0.58294235924933
crustacean,2009,F_FMEAN,0.533679624664879
crustacean,2010,F_FMEAN,0.484416890080429
crustacean,2011,F_FMEAN,0.66504691689008
crustacean,2012,F_FMEAN,0.63220509383378
crustacean,2013,F_FMEAN,0.55010053619303
crustacean,2014,F_FMEAN,0.58294235924933
crustacean,2015,F_FMEAN,0.993465147453083
crustacean,2016,F_FMEAN,0.689678284182306
crustacean,2017,F_FMEAN,0.681467828418231
crustacean,2018,F_FMEAN,1.00167560321716
crustacean,1970,F_FMSY,0.017
crustacean,1971,F_FMSY,0.015
crustacean,1972,F_FMSY,0.019
crustacean,1973,F_FMSY,0.019
crustacean,1974,F_FMSY,0.022
crustacean,1975,F_FMSY,0.022
crustacean,1976,F_FMSY,0.025
crustacean,1977,F_FMSY,0.05
crustacean,1978,F_FMSY,0.098
crustacean,1979,F_FMSY,0.088
crustacean,1980,F_FMSY,0.101
crustacean,1981,F_FMSY,0.093
crustacean,1982,F_FMSY,0.117
crustacean,1983,F_FMSY,0.195
crustacean,1984,F_FMSY,0.327
crustacean,1985,F_FMSY,0.464
crustacean,1986,F_FMSY,0.291
crustacean,1987,F_FMSY,0.181
crustacean,1988,F_FMSY,0.163
crustacean,1989,F_FMSY,0.185
crustacean,1990,F_FMSY,0.218
crustacean,1991,F_FMSY,0.204
crustacean,1992,F_FMSY,0.187
crustacean,1993,F_FMSY,0.191
crustacean,1994,F_FMSY,0.103
crustacean,1995,F_FMSY,0.074
crustacean,1996,F_FMSY,0.094
crustacean,1997,F_FMSY,0.087
crustacean,1998,F_FMSY,0.132
crustacean,1999,F_FMSY,0.203
crustacean,2000,F_FMSY,0.242
crustacean,2001,F_FMSY,0.166
crustacean,2002,F_FMSY,0.186
crustacean,2003,F_FMSY,0.136
crustacean,2004,F_FMSY,0.107
crustacean,2005,F_FMSY,0.095
crustacean,2006,F_FMSY,0.072
crustacean,2007,F_FMSY,0.078
crustacean,2008,F_FMSY,0.071
crustacean,2009,F_FMSY,0.065
crustacean,2010,F_FMSY,0.059
crustacean,2011,F_FMSY,0.081
crustacean,2012,F_FMSY,0.077
crustacean,2013,F_FMSY,0.067
crustacean,2014,F_FMSY,0.071
crustacean,2015,F_FMSY,0.121
crustacean,2016,F_FMSY,0.084
crustacean,2017,F_FMSY,0.083
crustacean,2018,F_FMSY,0.122
crustacean,1970,SSB_MSYBtrigger,3.22
crustacean,1971,SSB_MSYBtrigger,3.4
crustacean,1972,SSB_MSYBtrigger,3.52
crustacean,1973,SSB_MSYBtrigger,3.64
crustacean,1974,SSB_MSYBtrigger,3.72
crustacean,1975,SSB_MSYBtrigger,3.8
crustacean,1976,SSB_MSYBtrigger,3.84
crustacean,1977,SSB_MSYBtrigger,3.9
crustacean,1978,SSB_MSYBtrigger,3.94
crustacean,1979,SSB_MSYBtrigger,4.04
crustacean,1980,SSB_MSYBtrigger,4.52
crustacean,1981,SSB_MSYBtrigger,4.62
crustacean,1982,SSB_MSYBtrigger,5.24
crustacean,1983,SSB_MSYBtrigger,5.26
crustacean,1984,SSB_MSYBtrigger,3.86
crustacean,1985,SSB_MSYBtrigger,2.64
crustacean,1986,SSB_MSYBtrigger,2.22
crustacean,1987,SSB_MSYBtrigger,2.36
crustacean,1988,SSB_MSYBtrigger,2.94
crustacean,1989,SSB_MSYBtrigger,3.34
crustacean,1990,SSB_MSYBtrigger,3.66
crustacean,1991,SSB_MSYBtrigger,3.62
crustacean,1992,SSB_MSYBtrigger,3.6
crustacean,1993,SSB_MSYBtrigger,2.88
crustacean,1994,SSB_MSYBtrigger,2.72
crustacean,1995,SSB_MSYBtrigger,3.34
crustacean,1996,SSB_MSYBtrigger,3.62
crustacean,1997,SSB_MSYBtrigger,4.04
crustacean,1998,SSB_MSYBtrigger,4.16
crustacean,1999,SSB_MSYBtrigger,3.66
crustacean,2000,SSB_MSYBtrigger,3.28
crustacean,2001,SSB_MSYBtrigger,3.4
crustacean,2002,SSB_MSYBtrigger,3.26
crustacean,2003,SSB_MSYBtrigger,2.84
crustacean,2004,SSB_MSYBtrigger,3.94
crustacean,2005,SSB_MSYBtrigger,4.42
crustacean,2006,SSB_MSYBtrigger,4.06
crustacean,2007,SSB_MSYBtrigger,3.78
crustacean,2008,SSB_MSYBtrigger,3.9
crustacean,2009,SSB_MSYBtrigger,4.14
crustacean,2010,SSB_MSYBtrigger,4.22
crustacean,2011,SSB_MSYBtrigger,3.64
crustacean,2012,SSB_MSYBtrigger,3.14
crustacean,2013,SSB_MSYBtrigger,2.82
crustacean,2014,SSB_MSYBtrigger,2.92
crustacean,2015,SSB_MSYBtrigger,2.78
crustacean,2016,SSB_MSYBtrigger,3.48
crustacean,2017,SSB_MSYBtrigger,3.54
crustacean,2018,SSB_MSYBtrigger,3.56
demersal,1946,F_FMEAN,0.542164880822217
demersal,1947,F_FMEAN,0.801793133610321
demersal,1948,F_FMEAN,0.799247758582987
demersal,1949,F_FMEAN,0.926516509949705
demersal,1950,F_FMEAN,1.40886507762957
demersal,1951,F_FMEAN,1.4152285151979
demersal,1952,F_FMEAN,1.55904220424229
demersal,1953,F_FMEAN,1.19505357533348
demersal,1954,F_FMEAN,1.14669144981413
demersal,1955,F_FMEAN,1.15814563743713
demersal,1956,F_FMEAN,1.33504920183687
demersal,1957,F_FMEAN,1.18741745025148
demersal,1958,F_FMEAN,1.29814126394052
demersal,1959,F_FMEAN,1.24977913842117
demersal,1960,F_FMEAN,1.14372184561557
demersal,1961,F_FMEAN,1.30747430570741
demersal,1962,F_FMEAN,1.46783293242948
demersal,1963,F_FMEAN,1.56370872512574
demersal,1964,F_FMEAN,1.37026022304833
demersal,1965,F_FMEAN,1.1954778045047
demersal,1966,F_FMEAN,1.14202492893068
demersal,1967,F_FMEAN,1.07923901158977
demersal,1968,F_FMEAN,1.07160288650776
demersal,1969,F_FMEAN,1.15644872075224
demersal,1970,F_FMEAN,1.1878416794227
demersal,1971,F_FMEAN,1.05972446971354
demersal,1972,F_FMEAN,1.38468401486989
demersal,1973,F_FMEAN,1.2523245134485
demersal,1974,F_FMEAN,1.42201618193746
demersal,1975,F_FMEAN,1.43050076536191
demersal,1976,F_FMEAN,1.66128143450689
demersal,1977,F_FMEAN,1.7410365186967
demersal,1978,F_FMEAN,1.81570085283184
demersal,1979,F_FMEAN,1.64685764268533
demersal,1980,F_FMEAN,1.52213426634594
demersal,1981,F_FMEAN,1.46698447408703
demersal,1982,F_FMEAN,1.46783293242948
demersal,1983,F_FMEAN,1.48140826590859
demersal,1984,F_FMEAN,1.60422261097748
demersal,1985,F_FMEAN,1.4947714848021
demersal,1986,F_FMEAN,1.65003936146949
demersal,1987,F_FMEAN,1.78239886289088
demersal,1988,F_FMEAN,1.73467308112836
demersal,1989,F_FMEAN,1.1575092936803
demersal,1990,F_FMEAN,0.970806035425323
demersal,1991,F_FMEAN,0.831828558932867
demersal,1992,F_FMEAN,0.809005029521102
demersal,1993,F_FMEAN,0.830216488082222
demersal,1994,F_FMEAN,0.926516509949705
demersal,1995,F_FMEAN,0.868397113492237
demersal,1996,F_FMEAN,0.92566805160726
demersal,1997,F_FMEAN,0.99312048983162
demersal,1998,F_FMEAN,1.02621036518697
demersal,1999,F_FMEAN,1.04020992783731
demersal,2000,F_FMEAN,0.862457905095124
demersal,2001,F_FMEAN,0.756824841460748
demersal,2002,F_FMEAN,0.72882571616007
demersal,2003,F_FMEAN,0.687251257380275
demersal,2004,F_FMEAN,0.745794883008966
demersal,2005,F_FMEAN,0.753855237262191
demersal,2006,F_FMEAN,0.734764924557183
demersal,2007,F_FMEAN,0.624889569210584
demersal,2008,F_FMEAN,0.56040673518478
demersal,2009,F_FMEAN,0.547679860048109
demersal,2010,F_FMEAN,0.560830964356003
demersal,2011,F_FMEAN,0.559558276842336
demersal,2012,F_FMEAN,0.512893068007872
demersal,2013,F_FMEAN,0.477682046796414
demersal,2014,F_FMEAN,0.468349005029521
demersal,2015,F_FMEAN,0.508650776295648
demersal,2016,F_FMEAN,0.577800131204898
demersal,2017,F_FMEAN,0.711432320139952
demersal,2018,F_FMEAN,0.681142357314673
demersal,1946,F_FMSY,0.5325
demersal,1947,F_FMSY,0.7875
demersal,1948,F_FMSY,0.785
demersal,1949,F_FMSY,0.91
demersal,1950,F_FMSY,1.51446428571429
demersal,1951,F_FMSY,1.5125
demersal,1952,F_FMSY,1.65714285714286
demersal,1953,F_FMSY,1.27089285714286
demersal,1954,F_FMSY,1.21285714285714
demersal,1955,F_FMSY,1.21035714285714
demersal,1956,F_FMSY,1.38910714285714
demersal,1957,F_FMSY,1.23910714285714
demersal,1958,F_FMSY,1.36303571428571
demersal,1959,F_FMSY,1.30785714285714
demersal,1960,F_FMSY,1.44
demersal,1961,F_FMSY,1.75303571428571
demersal,1962,F_FMSY,2.00321428571429
demersal,1963,F_FMSY,2.12392857142857
demersal,1964,F_FMSY,1.78089285714286
demersal,1965,F_FMSY,1.49946428571429
demersal,1966,F_FMSY,1.40535714285714
demersal,1967,F_FMSY,1.32285714285714
demersal,1968,F_FMSY,1.41232142857143
demersal,1969,F_FMSY,1.53303571428571
demersal,1970,F_FMSY,1.43410714285714
demersal,1971,F_FMSY,1.21410714285714
demersal,1972,F_FMSY,1.74946428571429
demersal,1973,F_FMSY,1.48875
demersal,1974,F_FMSY,1.59517857142857
demersal,1975,F_FMSY,1.52517857142857
demersal,1976,F_FMSY,1.86232142857143
demersal,1977,F_FMSY,2.07178571428571
demersal,1978,F_FMSY,2.09375
demersal,1979,F_FMSY,1.79321428571429
demersal,1980,F_FMSY,1.61857142857143
demersal,1981,F_FMSY,1.53625
demersal,1982,F_FMSY,1.53321428571429
demersal,1983,F_FMSY,1.49285714285714
demersal,1984,F_FMSY,1.53875
demersal,1985,F_FMSY,1.56053571428571
demersal,1986,F_FMSY,1.92428571428571
demersal,1987,F_FMSY,2.21785714285714
demersal,1988,F_FMSY,1.95535714285714
demersal,1989,F_FMSY,1.24125
demersal,1990,F_FMSY,3.86349206349206
demersal,1991,F_FMSY,2.86384920634921
demersal,1992,F_FMSY,2.57111111111111
demersal,1993,F_FMSY,2.63829365079365
demersal,1994,F_FMSY,2.9575
demersal,1995,F_FMSY,2.55769841269841
demersal,1996,F_FMSY,2.80119047619048
demersal,1997,F_FMSY,2.96535714285714
demersal,1998,F_FMSY,3.18095238095238
demersal,1999,F_FMSY,3.30730158730159
demersal,2000,F_FMSY,2.68710317460317
demersal,2001,F_FMSY,2.18123015873016
demersal,2002,F_FMSY,2.00710317460317
demersal,2003,F_FMSY,1.78190476190476
demersal,2004,F_FMSY,1.86063492063492
demersal,2005,F_FMSY,1.85333333333333
demersal,2006,F_FMSY,1.82123015873016
demersal,2007,F_FMSY,1.64257936507936
demersal,2008,F_FMSY,1.40646825396825
demersal,2009,F_FMSY,1.34952380952381
demersal,2010,F_FMSY,1.62861111111111
demersal,2011,F_FMSY,1.47285714285714
demersal,2012,F_FMSY,1.51615079365079
demersal,2013,F_FMSY,1.69630952380952
demersal,2014,F_FMSY,1.60916666666667
demersal,2015,F_FMSY,1.51039682539683
demersal,2016,F_FMSY,1.99087301587302
demersal,2017,F_FMSY,2.62376984126984
demersal,2018,F_FMSY,1.0675
demersal,1946,SSB_MSYBtrigger,2.15401956521739
demersal,1947,SSB_MSYBtrigger,2.22034565217391
demersal,1948,SSB_MSYBtrigger,1.81989347826087
demersal,1949,SSB_MSYBtrigger,1.35799130434783
demersal,1950,SSB_MSYBtrigger,1.92626820652174
demersal,1951,SSB_MSYBtrigger,1.34892581521739
demersal,1952,SSB_MSYBtrigger,1.18091385869565
demersal,1953,SSB_MSYBtrigger,1.17968070652174
demersal,1954,SSB_MSYBtrigger,1.50248206521739
demersal,1955,SSB_MSYBtrigger,2.06241548913043
demersal,1956,SSB_MSYBtrigger,2.38493260869565
demersal,1957,SSB_MSYBtrigger,1.83494782608696
demersal,1958,SSB_MSYBtrigger,1.38978722826087
demersal,1959,SSB_MSYBtrigger,1.29318070652174
demersal,1960,SSB_MSYBtrigger,1.16662635869565
demersal,1961,SSB_MSYBtrigger,1.2235214673913
demersal,1962,SSB_MSYBtrigger,1.1205625
demersal,1963,SSB_MSYBtrigger,0.839606793478261
demersal,1964,SSB_MSYBtrigger,0.75005
demersal,1965,SSB_MSYBtrigger,0.742247554347826
demersal,1966,SSB_MSYBtrigger,0.97101902173913
demersal,1967,SSB_MSYBtrigger,1.05489375
demersal,1968,SSB_MSYBtrigger,1.25192581521739
demersal,1969,SSB_MSYBtrigger,1.17283206521739
demersal,1970,SSB_MSYBtrigger,1.18861385869565
demersal,1971,SSB_MSYBtrigger,1.11467092391304
demersal,1972,SSB_MSYBtrigger,1.16306195652174
demersal,1973,SSB_MSYBtrigger,1.13699510869565
demersal,1974,SSB_MSYBtrigger,1.20846983695652
demersal,1975,SSB_MSYBtrigger,1.32756576086957
demersal,1976,SSB_MSYBtrigger,1.32863016304348
demersal,1977,SSB_MSYBtrigger,1.11016548913043
demersal,1978,SSB_MSYBtrigger,0.74711222826087
demersal,1979,SSB_MSYBtrigger,0.567474456521739
demersal,1980,SSB_MSYBtrigger,0.501533152173913
demersal,1981,SSB_MSYBtrigger,0.612003804347826
demersal,1982,SSB_MSYBtrigger,0.762665217391304
demersal,1983,SSB_MSYBtrigger,0.674276358695652
demersal,1984,SSB_MSYBtrigger,0.578755706521739
demersal,1985,SSB_MSYBtrigger,0.515464945652174
demersal,1986,SSB_MSYBtrigger,0.515401630434783
demersal,1987,SSB_MSYBtrigger,0.569917391304348
demersal,1988,SSB_MSYBtrigger,0.677251630434783
demersal,1989,SSB_MSYBtrigger,0.775611141304348
demersal,1990,SSB_MSYBtrigger,0.910685326086957
demersal,1991,SSB_MSYBtrigger,1.39751467391304
demersal,1992,SSB_MSYBtrigger,1.71420516304348
demersal,1993,SSB_MSYBtrigger,1.6958910326087
demersal,1994,SSB_MSYBtrigger,1.67535570652174
demersal,1995,SSB_MSYBtrigger,1.87470516304348
demersal,1996,SSB_MSYBtrigger,2.16054864130435
demersal,1997,SSB_MSYBtrigger,1.96981875
demersal,1998,SSB_MSYBtrigger,1.41337336956522
demersal,1999,SSB_MSYBtrigger,1.02656548913043
demersal,2000,SSB_MSYBtrigger,0.843866576086956
demersal,2001,SSB_MSYBtrigger,0.978741032608696
demersal,2002,SSB_MSYBtrigger,1.22155407608696
demersal,2003,SSB_MSYBtrigger,1.52000108695652
demersal,2004,SSB_MSYBtrigger,1.76938858695652
demersal,2005,SSB_MSYBtrigger,1.76178152173913
demersal,2006,SSB_MSYBtrigger,1.73083233695652
demersal,2007,SSB_MSYBtrigger,1.82969130434783
demersal,2008,SSB_MSYBtrigger,1.9863777173913
demersal,2009,SSB_MSYBtrigger,2.51503152173913
demersal,2010,SSB_MSYBtrigger,3.46696820652174
demersal,2011,SSB_MSYBtrigger,4.88966086956522
demersal,2012,SSB_MSYBtrigger,6.07139157608696
demersal,2013,SSB_MSYBtrigger,6.65178532608696
demersal,2014,SSB_MSYBtrigger,6.45468451086957
demersal,2015,SSB_MSYBtrigger,5.72073994565217
demersal,2016,SSB_MSYBtrigger,5.13780054347826
demersal,2017,SSB_MSYBtrigger,4.40768804347826
demersal,2018,SSB_MSYBtrigger,3.40841331521739
demersal,2019,SSB_MSYBtrigger,3.00221929347826
demersal,1946,SSB_SSBMEAN,3.3969572848322
demersal,1947,SSB_SSBMEAN,3.50155563105875
demersal,1948,SSB_SSBMEAN,2.87002983093747
demersal,1949,SSB_SSBMEAN,2.14159542862721
demersal,1950,SSB_SSBMEAN,1.32408787218764
demersal,1951,SSB_SSBMEAN,1.09367667411507
demersal,1952,SSB_SSBMEAN,1.03080795982132
demersal,1953,SSB_SSBMEAN,0.88437027510415
demersal,1954,SSB_SSBMEAN,0.992031834124978
demersal,1955,SSB_SSBMEAN,1.03487053079079
demersal,1956,SSB_SSBMEAN,1.05647586602251
demersal,1957,SSB_SSBMEAN,0.79622105589153
demersal,1958,SSB_SSBMEAN,0.670442487344836
demersal,1959,SSB_SSBMEAN,0.981973114104372
demersal,1960,SSB_SSBMEAN,1.12135415304476
demersal,1961,SSB_SSBMEAN,1.12701432576256
demersal,1962,SSB_SSBMEAN,1.03278896313372
demersal,1963,SSB_SSBMEAN,0.877654748155606
demersal,1964,SSB_SSBMEAN,0.86695835876764
demersal,1965,SSB_SSBMEAN,0.829283298367805
demersal,1966,SSB_SSBMEAN,0.84098761675579
demersal,1967,SSB_SSBMEAN,0.881359630035497
demersal,1968,SSB_SSBMEAN,0.9829890425409
demersal,1969,SSB_SSBMEAN,0.940809156610364
demersal,1970,SSB_SSBMEAN,1.0815078170213
demersal,1971,SSB_SSBMEAN,1.13838609614713
demersal,1972,SSB_SSBMEAN,1.17110721979517
demersal,1973,SSB_SSBMEAN,1.12763256792697
demersal,1974,SSB_SSBMEAN,0.933798221899341
demersal,1975,SSB_SSBMEAN,0.820910173897118
demersal,1976,SSB_SSBMEAN,0.723319334051659
demersal,1977,SSB_SSBMEAN,0.77546651787128
demersal,1978,SSB_SSBMEAN,0.574536671660974
demersal,1979,SSB_SSBMEAN,0.454652545044101
demersal,1980,SSB_SSBMEAN,0.360512890663562
demersal,1981,SSB_SSBMEAN,0.431886148742065
demersal,1982,SSB_SSBMEAN,0.587672889183908
demersal,1983,SSB_SSBMEAN,0.574993782318579
demersal,1984,SSB_SSBMEAN,0.48796676977038
demersal,1985,SSB_SSBMEAN,0.397931969095138
demersal,1986,SSB_SSBMEAN,0.342772426041898
demersal,1987,SSB_SSBMEAN,0.290699522704137
demersal,1988,SSB_SSBMEAN,0.393919680298007
demersal,1989,SSB_SSBMEAN,0.480895267897225
demersal,1990,SSB_SSBMEAN,0.510025787329772
demersal,1991,SSB_SSBMEAN,0.837942116999495
demersal,1992,SSB_SSBMEAN,1.01006827789744
demersal,1993,SSB_SSBMEAN,0.917802491518924
demersal,1994,SSB_SSBMEAN,0.829193876095411
demersal,1995,SSB_SSBMEAN,0.852790213935161
demersal,1996,SSB_SSBMEAN,0.950578182751713
demersal,1997,SSB_SSBMEAN,0.921372240060661
demersal,1998,SSB_SSBMEAN,0.765630067907935
demersal,1999,SSB_SSBMEAN,0.654259912983122
demersal,2000,SSB_SSBMEAN,0.646727015039947
demersal,2001,SSB_SSBMEAN,0.757689198702846
demersal,2002,SSB_SSBMEAN,0.9565769030503
demersal,2003,SSB_SSBMEAN,1.05202246544079
demersal,2004,SSB_SSBMEAN,1.23764596128118
demersal,2005,SSB_SSBMEAN,1.24356497290884
demersal,2006,SSB_SSBMEAN,1.17047469292271
demersal,2007,SSB_SSBMEAN,1.22598535409982
demersal,2008,SSB_SSBMEAN,1.2062870273928
demersal,2009,SSB_SSBMEAN,1.47513494649844
demersal,2010,SSB_SSBMEAN,1.78347208392628
demersal,2011,SSB_SSBMEAN,2.38095028240998
demersal,2012,SSB_SSBMEAN,2.77675868680638
demersal,2013,SSB_SSBMEAN,3.09473628800312
demersal,2014,SSB_SSBMEAN,2.99296288564057
demersal,2015,SSB_SSBMEAN,2.59300105953151
demersal,2016,SSB_SSBMEAN,2.28336801338935
demersal,2017,SSB_SSBMEAN,2.2829720412822
demersal,2018,SSB_SSBMEAN,2.62920793763794
demersal,2019,SSB_SSBMEAN,2.59553716659873
pelagic,1992,F_FMEAN,2.26086956521739
pelagic,1993,F_FMEAN,1.60144927536232
pelagic,1994,F_FMEAN,1.41304347826087
pelagic,1995,F_FMEAN,1.03623188405797
pelagic,1996,F_FMEAN,0.753623188405797
pelagic,1997,F_FMEAN,0.706521739130435
pelagic,1998,F_FMEAN,0.989130434782609
pelagic,1999,F_FMEAN,0.753623188405797
pelagic,2000,F_FMEAN,0.61231884057971
pelagic,2001,F_FMEAN,1.03623188405797
pelagic,2002,F_FMEAN,0.376811594202899
pelagic,2003,F_FMEAN,0.141304347826087
pelagic,2004,F_FMEAN,0.282608695652174
pelagic,2005,F_FMEAN,0.423913043478261
pelagic,2006,F_FMEAN,1.88405797101449
pelagic,2007,F_FMEAN,1.1304347826087
pelagic,2008,F_FMEAN,0.706521739130435
pelagic,2009,F_FMEAN,0.565217391304348
pelagic,2010,F_FMEAN,0.659420289855073
pelagic,2011,F_FMEAN,0.706521739130435
pelagic,2012,F_FMEAN,0.659420289855073
pelagic,2013,F_FMEAN,0.565217391304348
pelagic,2014,F_FMEAN,1.1304347826087
pelagic,2015,F_FMEAN,1.60144927536232
pelagic,2016,F_FMEAN,2.16666666666667
pelagic,2017,F_FMEAN,1.83695652173913
pelagic,1992,SSB_MSYBtrigger,0.721580952380952
pelagic,1993,SSB_MSYBtrigger,0.907219047619048
pelagic,1994,SSB_MSYBtrigger,1.15000634920635
pelagic,1995,SSB_MSYBtrigger,1.3283873015873
pelagic,1996,SSB_MSYBtrigger,1.09731746031746
pelagic,1997,SSB_MSYBtrigger,1.3536126984127
pelagic,1998,SSB_MSYBtrigger,1.53675238095238
pelagic,1999,SSB_MSYBtrigger,1.73570476190476
pelagic,2000,SSB_MSYBtrigger,2.0232
pelagic,2001,SSB_MSYBtrigger,1.9128126984127
pelagic,2002,SSB_MSYBtrigger,2.14072063492064
pelagic,2003,SSB_MSYBtrigger,2.36667301587302
pelagic,2004,SSB_MSYBtrigger,2.38944444444444
pelagic,2005,SSB_MSYBtrigger,2.5622126984127
pelagic,2006,SSB_MSYBtrigger,2.52711746031746
pelagic,2007,SSB_MSYBtrigger,2.96227301587302
pelagic,2008,SSB_MSYBtrigger,2.83209841269841
pelagic,2009,SSB_MSYBtrigger,2.90332698412698
pelagic,2010,SSB_MSYBtrigger,2.75863492063492
pelagic,2011,SSB_MSYBtrigger,2.71697142857143
pelagic,2012,SSB_MSYBtrigger,2.71092063492063
pelagic,2013,SSB_MSYBtrigger,2.57607301587302
pelagic,2014,SSB_MSYBtrigger,2.57318095238095
pelagic,2015,SSB_MSYBtrigger,2.53777777777778
pelagic,2016,SSB_MSYBtrigger,2.52625714285714
pelagic,2017,SSB_MSYBtrigger,2.53157777777778
pelagic,2018,SSB_MSYBtrigger,2.58503174603175
pelagic,1972,SSB_SSBMEAN,2.66662823671078
pelagic,1973,SSB_SSBMEAN,1.32011298847068
pelagic,1974,SSB_SSBMEAN,0.886920355957711
pelagic,1975,SSB_SSBMEAN,2.85144405509668
pelagic,1976,SSB_SSBMEAN,3.12915671341199
pelagic,1977,SSB_SSBMEAN,2.61675730159078
pelagic,1978,SSB_SSBMEAN,1.37096178506363
pelagic,1979,SSB_SSBMEAN,1.19983602729891
pelagic,1980,SSB_SSBMEAN,3.8263719436191
pelagic,1981,SSB_SSBMEAN,1.51666314453187
pelagic,1982,SSB_SSBMEAN,1.55577760344952
pelagic,1983,SSB_SSBMEAN,1.29957789753892
pelagic,1984,SSB_SSBMEAN,1.18125665931303
pelagic,1985,SSB_SSBMEAN,0.278690519788255
pelagic,1986,SSB_SSBMEAN,0.063560995741181
pelagic,1987,SSB_SSBMEAN,0.0166236450400012
pelagic,1988,SSB_SSBMEAN,0.195572294588249
pelagic,1989,SSB_SSBMEAN,0.171125757764718
pelagic,1990,SSB_SSBMEAN,2.55906347468724
pelagic,1991,SSB_SSBMEAN,2.19823259117192
pelagic,1992,SSB_SSBMEAN,1.20047065939485
pelagic,1993,SSB_SSBMEAN,0.301070835319462
pelagic,1994,SSB_SSBMEAN,0.223075626376195
pelagic,1995,SSB_SSBMEAN,0.262282982133774
pelagic,1996,SSB_SSBMEAN,0.290256176359468
pelagic,1997,SSB_SSBMEAN,0.361020588641071
pelagic,1998,SSB_SSBMEAN,0.692363570509111
pelagic,1999,SSB_SSBMEAN,1.10730441862964
pelagic,2000,SSB_SSBMEAN,1.33737615491399
pelagic,2001,SSB_SSBMEAN,1.28174952716425
pelagic,2002,SSB_SSBMEAN,0.960908777515601
pelagic,2003,SSB_SSBMEAN,0.501399448112097
pelagic,2004,SSB_SSBMEAN,0.51175157859539
pelagic,2005,SSB_SSBMEAN,0.479688478759119
pelagic,2006,SSB_SSBMEAN,0.60287213315921
pelagic,2007,SSB_SSBMEAN,0.868886634673728
pelagic,2008,SSB_SSBMEAN,1.64286154585304
pelagic,2009,SSB_SSBMEAN,1.58293672799899
pelagic,2010,SSB_SSBMEAN,1.42766308257213
pelagic,2011,SSB_SSBMEAN,1.45253792272081
pelagic,2012,SSB_SSBMEAN,1.39391219383356
pelagic,2013,SSB_SSBMEAN,1.11596631555695
pelagic,2014,SSB_SSBMEAN,0.823140319246591
pelagic,2015,SSB_SSBMEAN,0.5742002569111
pelagic,2016,SSB_SSBMEAN,0.477573364393147
pelagic,2017,SSB_SSBMEAN,1.23232400794517
pelagic,2018,SSB_SSBMEAN,0.91443982245996
pelagic,2019,SSB_SSBMEAN,0.294937688161174
MEAN,1946,F_FMEAN,0.542164880822217
MEAN,1947,F_FMEAN,0.801793133610321
MEAN,1948,F_FMEAN,0.799247758582987
MEAN,1949,F_FMEAN,0.926516509949705
MEAN,1950,F_FMEAN,1.40886507762957
MEAN,1951,F_FMEAN,1.4152285151979
MEAN,1952,F_FMEAN,1.55904220424229
MEAN,1953,F_FMEAN,1.19505357533348
MEAN,1954,F_FMEAN,1.14669144981413
MEAN,1955,F_FMEAN,1.15814563743713
MEAN,1956,F_FMEAN,1.33504920183687
MEAN,1957,F_FMEAN,1.18741745025148
MEAN,1958,F_FMEAN,1.29814126394052
MEAN,1959,F_FMEAN,1.24977913842117
MEAN,1960,F_FMEAN,1.14372184561557
MEAN,1961,F_FMEAN,1.30747430570741
MEAN,1962,F_FMEAN,1.46783293242948
MEAN,1963,F_FMEAN,1.56370872512574
MEAN,1964,F_FMEAN,1.37026022304833
MEAN,1965,F_FMEAN,1.1954778045047
MEAN,1966,F_FMEAN,1.14202492893068
MEAN,1967,F_FMEAN,1.07923901158977
MEAN,1968,F_FMEAN,1.07160288650776
MEAN,1969,F_FMEAN,1.15644872075224
MEAN,1970,F_FMEAN,0.925775696564343
MEAN,1971,F_FMEAN,0.825582561400434
MEAN,1972,F_FMEAN,1.07751267603177
MEAN,1973,F_FMEAN,0.978243049965733
MEAN,1974,F_FMEAN,1.11166964315551
MEAN,1975,F_FMEAN,1.11803308072384
MEAN,1976,F_FMEAN,1.29727642440564
MEAN,1977,F_FMEAN,1.40840808607346
MEAN,1978,F_FMEAN,1.56293180584372
MEAN,1979,F_FMEAN,1.41577325882365
MEAN,1980,F_FMEAN,1.34891470780235
MEAN,1981,F_FMEAN,1.29113145208002
MEAN,1982,F_FMEAN,1.3410305304213
MEAN,1983,F_FMEAN,1.51131591793011
MEAN,1984,F_FMEAN,1.82034189575249
MEAN,1985,F_FMEAN,1.95774748274785
MEAN,1986,F_FMEAN,1.79788001464476
MEAN,1987,F_FMEAN,1.72313758897222
MEAN,1988,F_FMEAN,1.65539932281154
MEAN,1989,F_FMEAN,1.22979429821502
MEAN,1990,F_FMEAN,1.10731825561583
MEAN,1991,F_FMEAN,0.972345961755941
MEAN,1992,F_FMEAN,1.08128187127826
MEAN,1993,F_FMEAN,1.01886815684925
MEAN,1994,F_FMEAN,0.977227435207354
MEAN,1995,F_FMEAN,0.856773536444119
MEAN,1996,F_FMEAN,0.884926792484052
MEAN,1997,F_FMEAN,0.922444291199336
MEAN,1998,F_FMEAN,1.02877159834529
MEAN,1999,F_FMEAN,1.08270065944211
MEAN,2000,F_FMEAN,0.971749570757077
MEAN,2001,F_FMEAN,0.867514573707365
MEAN,2002,F_FMEAN,0.78461383291016
MEAN,2003,F_FMEAN,0.672679234502744
MEAN,2004,F_FMEAN,0.70448709505775
MEAN,2005,F_FMEAN,0.715879720579817
MEAN,2006,F_FMEAN,0.860475041671375
MEAN,2007,F_FMEAN,0.690023468433757
MEAN,2008,F_FMEAN,0.581488063686056
MEAN,2009,F_FMEAN,0.548122022032235
MEAN,2010,F_FMEAN,0.56360287075894
MEAN,2011,F_FMEAN,0.591114789634316
MEAN,2012,F_FMEAN,0.546122973967011
MEAN,2013,F_FMEAN,0.497676276034483
MEAN,2014,F_FMEAN,0.565433896504394
MEAN,2015,F_FMEAN,0.705852385073662
MEAN,2016,F_FMEAN,0.790393217259795
MEAN,2017,F_FMEAN,0.848377283874634
MEAN,2018,F_FMEAN,0.734564564965087
MEAN,1946,F_FMSY,0.5325
MEAN,1947,F_FMSY,0.7875
MEAN,1948,F_FMSY,0.785
MEAN,1949,F_FMSY,0.91
MEAN,1950,F_FMSY,1.51446428571429
MEAN,1951,F_FMSY,1.5125
MEAN,1952,F_FMSY,1.65714285714286
MEAN,1953,F_FMSY,1.27089285714286
MEAN,1954,F_FMSY,1.21285714285714
MEAN,1955,F_FMSY,1.21035714285714
MEAN,1956,F_FMSY,1.38910714285714
MEAN,1957,F_FMSY,1.23910714285714
MEAN,1958,F_FMSY,1.36303571428571
MEAN,1959,F_FMSY,1.30785714285714
MEAN,1960,F_FMSY,1.44
MEAN,1961,F_FMSY,1.75303571428571
MEAN,1962,F_FMSY,2.00321428571429
MEAN,1963,F_FMSY,2.12392857142857
MEAN,1964,F_FMSY,1.78089285714286
MEAN,1965,F_FMSY,1.49946428571429
MEAN,1966,F_FMSY,1.40535714285714
MEAN,1967,F_FMSY,1.32285714285714
MEAN,1968,F_FMSY,1.41232142857143
MEAN,1969,F_FMSY,1.53303571428571
MEAN,1970,F_FMSY,0.961738095238095
MEAN,1971,F_FMSY,0.814404761904762
MEAN,1972,F_FMSY,1.17264285714286
MEAN,1973,F_FMSY,0.998833333333333
MEAN,1974,F_FMSY,1.07078571428571
MEAN,1975,F_FMSY,1.02411904761905
MEAN,1976,F_FMSY,1.24988095238095
MEAN,1977,F_FMSY,1.39785714285714
MEAN,1978,F_FMSY,1.4285
MEAN,1979,F_FMSY,1.22480952380952
MEAN,1980,F_FMSY,1.11271428571429
MEAN,1981,F_FMSY,1.05516666666667
MEAN,1982,F_FMSY,1.06114285714286
MEAN,1983,F_FMSY,1.0602380952381
MEAN,1984,F_FMSY,1.13483333333333
MEAN,1985,F_FMSY,1.19502380952381
MEAN,1986,F_FMSY,1.37985714285714
MEAN,1987,F_FMSY,1.53890476190476
MEAN,1988,F_FMSY,1.35790476190476
MEAN,1989,F_FMSY,0.889166666666667
MEAN,1990,F_FMSY,2.95211904761905
MEAN,1991,F_FMSY,2.1988869047619
MEAN,1992,F_FMSY,1.97508333333333
MEAN,1993,F_FMSY,2.02647023809524
MEAN,1994,F_FMSY,2.243875
MEAN,1995,F_FMSY,1.93677380952381
MEAN,1996,F_FMSY,2.12439285714286
MEAN,1997,F_FMSY,2.24576785714286
MEAN,1998,F_FMSY,2.41871428571429
MEAN,1999,F_FMSY,2.53122619047619
MEAN,2000,F_FMSY,2.07582738095238
MEAN,2001,F_FMSY,1.67742261904762
MEAN,2002,F_FMSY,1.55182738095238
MEAN,2003,F_FMSY,1.37042857142857
MEAN,2004,F_FMSY,1.42222619047619
MEAN,2005,F_FMSY,1.41375
MEAN,2006,F_FMSY,1.38392261904762
MEAN,2007,F_FMSY,1.25143452380952
MEAN,2008,F_FMSY,1.07260119047619
MEAN,2009,F_FMSY,1.02839285714286
MEAN,2010,F_FMSY,1.23620833333333
MEAN,2011,F_FMSY,1.12489285714286
MEAN,2012,F_FMSY,1.1563630952381
MEAN,2013,F_FMSY,1.28898214285714
MEAN,2014,F_FMSY,1.224625
MEAN,2015,F_FMSY,1.16304761904762
MEAN,2016,F_FMSY,1.51415476190476
MEAN,2017,F_FMSY,1.98857738095238
MEAN,2018,F_FMSY,0.752333333333333
MEAN,1946,SSB_MSYBtrigger,2.15401956521739
MEAN,1947,SSB_MSYBtrigger,2.22034565217391
MEAN,1948,SSB_MSYBtrigger,1.81989347826087
MEAN,1949,SSB_MSYBtrigger,1.35799130434783
MEAN,1950,SSB_MSYBtrigger,1.92626820652174
MEAN,1951,SSB_MSYBtrigger,1.34892581521739
MEAN,1952,SSB_MSYBtrigger,1.18091385869565
MEAN,1953,SSB_MSYBtrigger,1.17968070652174
MEAN,1954,SSB_MSYBtrigger,1.50248206521739
MEAN,1955,SSB_MSYBtrigger,2.06241548913043
MEAN,1956,SSB_MSYBtrigger,2.38493260869565
MEAN,1957,SSB_MSYBtrigger,1.83494782608696
MEAN,1958,SSB_MSYBtrigger,1.38978722826087
MEAN,1959,SSB_MSYBtrigger,1.29318070652174
MEAN,1960,SSB_MSYBtrigger,1.16662635869565
MEAN,1961,SSB_MSYBtrigger,1.2235214673913
MEAN,1962,SSB_MSYBtrigger,1.1205625
MEAN,1963,SSB_MSYBtrigger,0.839606793478261
MEAN,1964,SSB_MSYBtrigger,0.75005
MEAN,1965,SSB_MSYBtrigger,0.742247554347826
MEAN,1966,SSB_MSYBtrigger,0.97101902173913
MEAN,1967,SSB_MSYBtrigger,1.05489375
MEAN,1968,SSB_MSYBtrigger,1.25192581521739
MEAN,1969,SSB_MSYBtrigger,1.17283206521739
MEAN,1970,SSB_MSYBtrigger,1.86574257246377
MEAN,1971,SSB_MSYBtrigger,1.8764472826087
MEAN,1972,SSB_MSYBtrigger,1.94870797101449
MEAN,1973,SSB_MSYBtrigger,1.97133007246377
MEAN,1974,SSB_MSYBtrigger,2.04564655797101
MEAN,1975,SSB_MSYBtrigger,2.15171050724638
MEAN,1976,SSB_MSYBtrigger,2.16575344202899
MEAN,1977,SSB_MSYBtrigger,2.04011032608696
MEAN,1978,SSB_MSYBtrigger,1.81140815217391
MEAN,1979,SSB_MSYBtrigger,1.72498297101449
MEAN,1980,SSB_MSYBtrigger,1.84102210144928
MEAN,1981,SSB_MSYBtrigger,1.94800253623188
MEAN,1982,SSB_MSYBtrigger,2.25511014492754
MEAN,1983,SSB_MSYBtrigger,2.2028509057971
MEAN,1984,SSB_MSYBtrigger,1.67250380434783
MEAN,1985,SSB_MSYBtrigger,1.22364329710145
MEAN,1986,SSB_MSYBtrigger,1.08360108695652
MEAN,1987,SSB_MSYBtrigger,1.1666115942029
MEAN,1988,SSB_MSYBtrigger,1.43150108695652
MEAN,1989,SSB_MSYBtrigger,1.63040742753623
MEAN,1990,SSB_MSYBtrigger,1.82712355072464
MEAN,1991,SSB_MSYBtrigger,2.13834311594203
MEAN,1992,SSB_MSYBtrigger,1.93749781961698
MEAN,1993,SSB_MSYBtrigger,1.79475027820911
MEAN,1994,SSB_MSYBtrigger,1.80517944056246
MEAN,1995,SSB_MSYBtrigger,2.10444940691856
MEAN,1996,SSB_MSYBtrigger,2.25960368573154
MEAN,1997,SSB_MSYBtrigger,2.33331254960317
MEAN,1998,SSB_MSYBtrigger,2.1308747800207
MEAN,1999,SSB_MSYBtrigger,1.86220893504141
MEAN,2000,SSB_MSYBtrigger,1.74773328804348
MEAN,2001,SSB_MSYBtrigger,1.81757369090752
MEAN,2002,SSB_MSYBtrigger,1.96095719677364
MEAN,2003,SSB_MSYBtrigger,2.06166879744651
MEAN,2004,SSB_MSYBtrigger,2.46705540458937
MEAN,2005,SSB_MSYBtrigger,2.62644393547274
MEAN,2006,SSB_MSYBtrigger,2.51219553355763
MEAN,2007,SSB_MSYBtrigger,2.60041390614217
MEAN,2008,SSB_MSYBtrigger,2.67621346187026
MEAN,2009,SSB_MSYBtrigger,3.01834750690131
MEAN,2010,SSB_MSYBtrigger,3.4781428334196
MEAN,2011,SSB_MSYBtrigger,4.03407329192547
MEAN,2012,SSB_MSYBtrigger,4.49842594677364
MEAN,2013,SSB_MSYBtrigger,4.67491091701173
MEAN,2014,SSB_MSYBtrigger,4.60063749353002
MEAN,2015,SSB_MSYBtrigger,4.18981441727053
MEAN,2016,SSB_MSYBtrigger,4.07046455745342
MEAN,2017,SSB_MSYBtrigger,3.72173846618357
MEAN,2018,SSB_MSYBtrigger,3.24046459411663
MEAN,2019,SSB_MSYBtrigger,3.00221929347826
MEAN,1946,SSB_SSBMEAN,3.3969572848322
MEAN,1947,SSB_SSBMEAN,3.50155563105875
MEAN,1948,SSB_SSBMEAN,2.87002983093747
MEAN,1949,SSB_SSBMEAN,2.14159542862721
MEAN,1950,SSB_SSBMEAN,1.32408787218764
MEAN,1951,SSB_SSBMEAN,1.09367667411507
MEAN,1952,SSB_SSBMEAN,1.03080795982132
MEAN,1953,SSB_SSBMEAN,0.88437027510415
MEAN,1954,SSB_SSBMEAN,0.992031834124978
MEAN,1955,SSB_SSBMEAN,1.03487053079079
MEAN,1956,SSB_SSBMEAN,1.05647586602251
MEAN,1957,SSB_SSBMEAN,0.79622105589153
MEAN,1958,SSB_SSBMEAN,0.670442487344836
MEAN,1959,SSB_SSBMEAN,0.981973114104372
MEAN,1960,SSB_SSBMEAN,1.12135415304476
MEAN,1961,SSB_SSBMEAN,1.12701432576256
MEAN,1962,SSB_SSBMEAN,1.03278896313372
MEAN,1963,SSB_SSBMEAN,0.877654748155606
MEAN,1964,SSB_SSBMEAN,0.86695835876764
MEAN,1965,SSB_SSBMEAN,0.829283298367805
MEAN,1966,SSB_SSBMEAN,0.84098761675579
MEAN,1967,SSB_SSBMEAN,0.881359630035497
MEAN,1968,SSB_SSBMEAN,0.9829890425409
MEAN,1969,SSB_SSBMEAN,0.940809156610364
MEAN,1970,SSB_SSBMEAN,1.0815078170213
MEAN,1971,SSB_SSBMEAN,1.13838609614713
MEAN,1972,SSB_SSBMEAN,1.54498747402407
MEAN,1973,SSB_SSBMEAN,1.1757526730629
MEAN,1974,SSB_SSBMEAN,0.922078755413934
MEAN,1975,SSB_SSBMEAN,1.32854364419701
MEAN,1976,SSB_SSBMEAN,1.32477867889174
MEAN,1977,SSB_SSBMEAN,1.23578921380115
MEAN,1978,SSB_SSBMEAN,0.773642950011638
MEAN,1979,SSB_SSBMEAN,0.640948415607803
MEAN,1980,SSB_SSBMEAN,1.22697765390245
MEAN,1981,SSB_SSBMEAN,0.703080397689517
MEAN,1982,SSB_SSBMEAN,0.829699067750312
MEAN,1983,SSB_SSBMEAN,0.756139811123664
MEAN,1984,SSB_SSBMEAN,0.661289242156042
MEAN,1985,SSB_SSBMEAN,0.368121606768417
MEAN,1986,SSB_SSBMEAN,0.272969568466718
MEAN,1987,SSB_SSBMEAN,0.222180553288103
MEAN,1988,SSB_SSBMEAN,0.344332833870567
MEAN,1989,SSB_SSBMEAN,0.403452890364098
MEAN,1990,SSB_SSBMEAN,0.919833324801266
MEAN,1991,SSB_SSBMEAN,1.11000021183398
MEAN,1992,SSB_SSBMEAN,1.07353573839658
MEAN,1993,SSB_SSBMEAN,0.71222527278577
MEAN,1994,SSB_SSBMEAN,0.627154459522339
MEAN,1995,SSB_SSBMEAN,0.655954470001366
MEAN,1996,SSB_SSBMEAN,0.730470847287631
MEAN,1997,SSB_SSBMEAN,0.734588356254131
MEAN,1998,SSB_SSBMEAN,0.741207902108327
MEAN,1999,SSB_SSBMEAN,0.805274748198627
MEAN,2000,SSB_SSBMEAN,0.87694339499796
MEAN,2001,SSB_SSBMEAN,0.932375974856648
MEAN,2002,SSB_SSBMEAN,0.9580208612054
MEAN,2003,SSB_SSBMEAN,0.868481459664556
MEAN,2004,SSB_SSBMEAN,0.99568116705258
MEAN,2005,SSB_SSBMEAN,0.988939474858935
MEAN,2006,SSB_SSBMEAN,0.98127383966821
MEAN,2007,SSB_SSBMEAN,1.10695244762446
MEAN,2008,SSB_SSBMEAN,1.35181186687955
MEAN,2009,SSB_SSBMEAN,1.51106887366529
MEAN,2010,SSB_SSBMEAN,1.66486908347489
MEAN,2011,SSB_SSBMEAN,2.07147949584692
MEAN,2012,SSB_SSBMEAN,2.31580985581544
MEAN,2013,SSB_SSBMEAN,2.43514629718773
MEAN,2014,SSB_SSBMEAN,2.26968869684258
MEAN,2015,SSB_SSBMEAN,1.92006745865804
MEAN,2016,SSB_SSBMEAN,1.68143646372395
MEAN,2017,SSB_SSBMEAN,1.93275603016986
MEAN,2018,SSB_SSBMEAN,1.94330069156675
MEAN,2019,SSB_SSBMEAN,2.02038729698934
