FisheriesGuild,StockKeyLabel,Year,Metric,Value
pelagic,cap.27.1-2,1972,SSB_SSBMEAN,7.47345888089832
pelagic,cap.27.1-2,1973,SSB_SSBMEAN,3.69973211925659
pelagic,cap.27.1-2,1974,SSB_SSBMEAN,2.48567187567832
pelagic,cap.27.1-2,1975,SSB_SSBMEAN,7.99142137759424
pelagic,cap.27.1-2,1976,SSB_SSBMEAN,8.76973539379341
pelagic,cap.27.1-2,1977,SSB_SSBMEAN,7.33369122305974
pelagic,cap.27.1-2,1978,SSB_SSBMEAN,3.84224031940574
pelagic,cap.27.1-2,1979,SSB_SSBMEAN,3.36264541505766
pelagic,cap.27.1-2,1980,SSB_SSBMEAN,10.723742061223
pelagic,cap.27.1-2,1981,SSB_SSBMEAN,4.25058112367924
pelagic,cap.27.1-2,1982,SSB_SSBMEAN,4.36020281610166
pelagic,cap.27.1-2,1983,SSB_SSBMEAN,3.64218073073482
pelagic,cap.27.1-2,1984,SSB_SSBMEAN,3.31057511115701
pelagic,cap.27.1-2,1985,SSB_SSBMEAN,0.781054558509725
pelagic,cap.27.1-2,1986,SSB_SSBMEAN,0.178135250186429
pelagic,cap.27.1-2,1987,SSB_SSBMEAN,0.0465892192795275
pelagic,cap.27.1-2,1988,SSB_SSBMEAN,0.548108462112088
pelagic,cap.27.1-2,1989,SSB_SSBMEAN,0.479594904348077
pelagic,cap.27.1-2,1990,SSB_SSBMEAN,7.17199922673667
pelagic,cap.27.1-2,1991,SSB_SSBMEAN,6.16073911413987
pelagic,cap.27.1-2,1992,SSB_SSBMEAN,6.10592826792866
pelagic,cap.27.1-2,1993,SSB_SSBMEAN,0.904378962484945
pelagic,cap.27.1-2,1994,SSB_SSBMEAN,0.257610977192681
pelagic,cap.27.1-2,1995,SSB_SSBMEAN,0.323383992646132
pelagic,cap.27.1-2,1996,SSB_SSBMEAN,0.679654493018989
pelagic,cap.27.1-2,1997,SSB_SSBMEAN,0.855049200894857
pelagic,cap.27.1-2,1998,SSB_SSBMEAN,2.55418543344233
pelagic,cap.27.1-2,1999,SSB_SSBMEAN,4.70825168954284
pelagic,cap.27.1-2,2000,SSB_SSBMEAN,5.7496577675558
pelagic,cap.27.1-2,2001,SSB_SSBMEAN,5.53315492502153
pelagic,cap.27.1-2,2002,SSB_SSBMEAN,3.53804012293353
pelagic,cap.27.1-2,2003,SSB_SSBMEAN,0.767351846956923
pelagic,cap.27.1-2,2004,SSB_SSBMEAN,0.805719439304769
pelagic,cap.27.1-2,2005,SSB_SSBMEAN,0.476854362037516
pelagic,cap.27.1-2,2006,SSB_SSBMEAN,1.19761698971491
pelagic,cap.27.1-2,2007,SSB_SSBMEAN,2.31301771011301
pelagic,cap.27.1-2,2008,SSB_SSBMEAN,6.76365842246316
pelagic,cap.27.1-2,2009,SSB_SSBMEAN,6.3662797874319
pelagic,cap.27.1-2,2010,SSB_SSBMEAN,5.62085227895946
pelagic,cap.27.1-2,2011,SSB_SSBMEAN,5.79624698683533
pelagic,cap.27.1-2,2012,SSB_SSBMEAN,5.4728629941892
pelagic,cap.27.1-2,2013,SSB_SSBMEAN,4.03133773883441
pelagic,cap.27.1-2,2014,SSB_SSBMEAN,2.39249343711926
pelagic,cap.27.1-2,2015,SSB_SSBMEAN,1.02770336646016
pelagic,cap.27.1-2,2016,SSB_SSBMEAN,0.49603815821144
pelagic,cap.27.1-2,2017,SSB_SSBMEAN,4.72195440109564
pelagic,cap.27.1-2,2018,SSB_SSBMEAN,2.89401267995182
pelagic,cap.27.1-2,2019,SSB_SSBMEAN,0.826588668999687
demersal,cod.27.1-2,1946,F_FMEAN,0.645107368943688
demersal,cod.27.1-2,1947,F_FMEAN,0.954032024494187
demersal,cod.27.1-2,1948,F_FMEAN,0.951003351400554
demersal,cod.27.1-2,1949,F_FMEAN,1.10243700608217
demersal,cod.27.1-2,1950,F_FMEAN,1.13575241011213
demersal,cod.27.1-2,1951,F_FMEAN,1.29021473788738
demersal,cod.27.1-2,1952,F_FMEAN,1.57491000868882
demersal,cod.27.1-2,1953,F_FMEAN,1.19632587198477
demersal,cod.27.1-2,1954,F_FMEAN,1.25992800695105
demersal,cod.27.1-2,1955,F_FMEAN,1.52039389300343
demersal,cod.27.1-2,1956,F_FMEAN,1.85657660639662
demersal,cod.27.1-2,1957,F_FMEAN,1.59005337415698
demersal,cod.27.1-2,1958,F_FMEAN,1.59611072034424
demersal,cod.27.1-2,1959,F_FMEAN,1.6112540858124
demersal,cod.27.1-2,1960,F_FMEAN,1.55068062393976
demersal,cod.27.1-2,1961,F_FMEAN,1.95955149158012
demersal,cod.27.1-2,1962,F_FMEAN,2.29573420497331
demersal,cod.27.1-2,1963,F_FMEAN,2.64706028383466
demersal,cod.27.1-2,1964,F_FMEAN,2.04435433820183
demersal,cod.27.1-2,1965,F_FMEAN,1.68091356696595
demersal,cod.27.1-2,1966,F_FMEAN,1.53250858537796
demersal,cod.27.1-2,1967,F_FMEAN,1.62336877818693
demersal,cod.27.1-2,1968,F_FMEAN,1.75360172121312
demersal,cod.27.1-2,1969,F_FMEAN,2.29876287806695
demersal,cod.27.1-2,1970,F_FMEAN,2.11098514626174
demersal,cod.27.1-2,1971,F_FMEAN,1.77177375977492
demersal,cod.27.1-2,1972,F_FMEAN,2.09281310769995
demersal,cod.27.1-2,1973,F_FMEAN,1.83840456783483
demersal,cod.27.1-2,1974,F_FMEAN,1.92320741445654
demersal,cod.27.1-2,1975,F_FMEAN,1.92320741445654
demersal,cod.27.1-2,1976,F_FMEAN,1.99589556870371
demersal,cod.27.1-2,1977,F_FMEAN,2.44111051346767
demersal,cod.27.1-2,1978,F_FMEAN,2.940841573917
demersal,cod.27.1-2,1979,F_FMEAN,2.36842235922049
demersal,cod.27.1-2,1980,F_FMEAN,2.3502503206587
demersal,cod.27.1-2,1981,F_FMEAN,2.31693491662874
demersal,cod.27.1-2,1982,F_FMEAN,2.46533989821672
demersal,cod.27.1-2,1983,F_FMEAN,2.3502503206587
demersal,cod.27.1-2,1984,F_FMEAN,2.68643303405188
demersal,cod.27.1-2,1985,F_FMEAN,2.38962307087592
demersal,cod.27.1-2,1986,F_FMEAN,2.73792047664363
demersal,cod.27.1-2,1987,F_FMEAN,3.08924655550499
demersal,cod.27.1-2,1988,F_FMEAN,2.88935413132525
demersal,cod.27.1-2,1989,F_FMEAN,1.96560883776739
demersal,cod.27.1-2,1990,F_FMEAN,1.1145516984567
demersal,cod.27.1-2,1991,F_FMEAN,0.960089370681451
demersal,cod.27.1-2,1992,F_FMEAN,1.35684554594729
demersal,cod.27.1-2,1993,F_FMEAN,1.74754437502586
demersal,cod.27.1-2,1994,F_FMEAN,2.41385245562497
demersal,cod.27.1-2,1995,F_FMEAN,2.36842235922049
demersal,cod.27.1-2,1996,F_FMEAN,2.31996358972237
demersal,cod.27.1-2,1997,F_FMEAN,2.86815341966982
demersal,cod.27.1-2,1998,F_FMEAN,2.90752616988705
demersal,cod.27.1-2,1999,F_FMEAN,2.90752616988705
demersal,cod.27.1-2,2000,F_FMEAN,2.49259795605941
demersal,cod.27.1-2,2001,F_FMEAN,2.14127187719806
demersal,cod.27.1-2,2002,F_FMEAN,1.98378087632918
demersal,cod.27.1-2,2003,F_FMEAN,1.74451570193223
demersal,cod.27.1-2,2004,F_FMEAN,2.18064462741528
demersal,cod.27.1-2,2005,F_FMEAN,2.18064462741528
demersal,cod.27.1-2,2006,F_FMEAN,1.99589556870371
demersal,cod.27.1-2,2007,F_FMEAN,1.37198891141545
demersal,cod.27.1-2,2008,F_FMEAN,0.966146716868716
demersal,cod.27.1-2,2009,F_FMEAN,0.823799081467996
demersal,cod.27.1-2,2010,F_FMEAN,0.838942446936158
demersal,cod.27.1-2,2011,F_FMEAN,0.811684389093467
demersal,cod.27.1-2,2012,F_FMEAN,0.735967561752658
demersal,cod.27.1-2,2013,F_FMEAN,0.820770408374364
demersal,cod.27.1-2,2014,F_FMEAN,0.905573254996069
demersal,cod.27.1-2,2015,F_FMEAN,0.963118043775084
demersal,cod.27.1-2,2016,F_FMEAN,0.999462120898672
demersal,cod.27.1-2,2017,F_FMEAN,1.17209648723572
demersal,cod.27.1-2,2018,F_FMEAN,1.27810004551285
demersal,cod.27.1-2,1946,F_FMSY,0.5325
demersal,cod.27.1-2,1947,F_FMSY,0.7875
demersal,cod.27.1-2,1948,F_FMSY,0.785
demersal,cod.27.1-2,1949,F_FMSY,0.91
demersal,cod.27.1-2,1950,F_FMSY,0.9375
demersal,cod.27.1-2,1951,F_FMSY,1.065
demersal,cod.27.1-2,1952,F_FMSY,1.3
demersal,cod.27.1-2,1953,F_FMSY,0.9875
demersal,cod.27.1-2,1954,F_FMSY,1.04
demersal,cod.27.1-2,1955,F_FMSY,1.255
demersal,cod.27.1-2,1956,F_FMSY,1.5325
demersal,cod.27.1-2,1957,F_FMSY,1.3125
demersal,cod.27.1-2,1958,F_FMSY,1.3175
demersal,cod.27.1-2,1959,F_FMSY,1.33
demersal,cod.27.1-2,1960,F_FMSY,1.28
demersal,cod.27.1-2,1961,F_FMSY,1.6175
demersal,cod.27.1-2,1962,F_FMSY,1.895
demersal,cod.27.1-2,1963,F_FMSY,2.185
demersal,cod.27.1-2,1964,F_FMSY,1.6875
demersal,cod.27.1-2,1965,F_FMSY,1.3875
demersal,cod.27.1-2,1966,F_FMSY,1.265
demersal,cod.27.1-2,1967,F_FMSY,1.34
demersal,cod.27.1-2,1968,F_FMSY,1.4475
demersal,cod.27.1-2,1969,F_FMSY,1.8975
demersal,cod.27.1-2,1970,F_FMSY,1.7425
demersal,cod.27.1-2,1971,F_FMSY,1.4625
demersal,cod.27.1-2,1972,F_FMSY,1.7275
demersal,cod.27.1-2,1973,F_FMSY,1.5175
demersal,cod.27.1-2,1974,F_FMSY,1.5875
demersal,cod.27.1-2,1975,F_FMSY,1.5875
demersal,cod.27.1-2,1976,F_FMSY,1.6475
demersal,cod.27.1-2,1977,F_FMSY,2.015
demersal,cod.27.1-2,1978,F_FMSY,2.4275
demersal,cod.27.1-2,1979,F_FMSY,1.955
demersal,cod.27.1-2,1980,F_FMSY,1.94
demersal,cod.27.1-2,1981,F_FMSY,1.9125
demersal,cod.27.1-2,1982,F_FMSY,2.035
demersal,cod.27.1-2,1983,F_FMSY,1.94
demersal,cod.27.1-2,1984,F_FMSY,2.2175
demersal,cod.27.1-2,1985,F_FMSY,1.9725
demersal,cod.27.1-2,1986,F_FMSY,2.26
demersal,cod.27.1-2,1987,F_FMSY,2.55
demersal,cod.27.1-2,1988,F_FMSY,2.385
demersal,cod.27.1-2,1989,F_FMSY,1.6225
demersal,cod.27.1-2,1990,F_FMSY,0.92
demersal,cod.27.1-2,1991,F_FMSY,0.7925
demersal,cod.27.1-2,1992,F_FMSY,1.12
demersal,cod.27.1-2,1993,F_FMSY,1.4425
demersal,cod.27.1-2,1994,F_FMSY,1.9925
demersal,cod.27.1-2,1995,F_FMSY,1.955
demersal,cod.27.1-2,1996,F_FMSY,1.915
demersal,cod.27.1-2,1997,F_FMSY,2.3675
demersal,cod.27.1-2,1998,F_FMSY,2.4
demersal,cod.27.1-2,1999,F_FMSY,2.4
demersal,cod.27.1-2,2000,F_FMSY,2.0575
demersal,cod.27.1-2,2001,F_FMSY,1.7675
demersal,cod.27.1-2,2002,F_FMSY,1.6375
demersal,cod.27.1-2,2003,F_FMSY,1.44
demersal,cod.27.1-2,2004,F_FMSY,1.8
demersal,cod.27.1-2,2005,F_FMSY,1.8
demersal,cod.27.1-2,2006,F_FMSY,1.6475
demersal,cod.27.1-2,2007,F_FMSY,1.1325
demersal,cod.27.1-2,2008,F_FMSY,0.7975
demersal,cod.27.1-2,2009,F_FMSY,0.68
demersal,cod.27.1-2,2010,F_FMSY,0.6925
demersal,cod.27.1-2,2011,F_FMSY,0.67
demersal,cod.27.1-2,2012,F_FMSY,0.6075
demersal,cod.27.1-2,2013,F_FMSY,0.6775
demersal,cod.27.1-2,2014,F_FMSY,0.7475
demersal,cod.27.1-2,2015,F_FMSY,0.795
demersal,cod.27.1-2,2016,F_FMSY,0.825
demersal,cod.27.1-2,2017,F_FMSY,0.9675
demersal,cod.27.1-2,2018,F_FMSY,1.055
demersal,cod.27.1-2,1946,SSB_MSYBtrigger,2.15401956521739
demersal,cod.27.1-2,1947,SSB_MSYBtrigger,2.22034565217391
demersal,cod.27.1-2,1948,SSB_MSYBtrigger,1.81989347826087
demersal,cod.27.1-2,1949,SSB_MSYBtrigger,1.35799130434783
demersal,cod.27.1-2,1950,SSB_MSYBtrigger,1.22167391304348
demersal,cod.27.1-2,1951,SSB_MSYBtrigger,1.11103913043478
demersal,cod.27.1-2,1952,SSB_MSYBtrigger,1.0852652173913
demersal,cod.27.1-2,1953,SSB_MSYBtrigger,0.860973913043478
demersal,cod.27.1-2,1954,SSB_MSYBtrigger,0.890339130434783
demersal,cod.27.1-2,1955,SSB_MSYBtrigger,0.72034347826087
demersal,cod.27.1-2,1956,SSB_MSYBtrigger,0.617715217391304
demersal,cod.27.1-2,1957,SSB_MSYBtrigger,0.449745652173913
demersal,cod.27.1-2,1958,SSB_MSYBtrigger,0.444086956521739
demersal,cod.27.1-2,1959,SSB_MSYBtrigger,0.963023913043478
demersal,cod.27.1-2,1960,SSB_MSYBtrigger,0.876065217391304
demersal,cod.27.1-2,1961,SSB_MSYBtrigger,0.882680434782609
demersal,cod.27.1-2,1962,SSB_MSYBtrigger,0.6961
demersal,cod.27.1-2,1963,SSB_MSYBtrigger,0.466176086956522
demersal,cod.27.1-2,1964,SSB_MSYBtrigger,0.4176
demersal,cod.27.1-2,1965,SSB_MSYBtrigger,0.231582608695652
demersal,cod.27.1-2,1966,SSB_MSYBtrigger,0.265063043478261
demersal,cod.27.1-2,1967,SSB_MSYBtrigger,0.2903
demersal,cod.27.1-2,1968,SSB_MSYBtrigger,0.497689130434783
demersal,cod.27.1-2,1969,SSB_MSYBtrigger,0.328939130434783
demersal,cod.27.1-2,1970,SSB_MSYBtrigger,0.501365217391304
demersal,cod.27.1-2,1971,SSB_MSYBtrigger,0.694204347826087
demersal,cod.27.1-2,1972,SSB_MSYBtrigger,0.793873913043478
demersal,cod.27.1-2,1973,SSB_MSYBtrigger,0.704865217391304
demersal,cod.27.1-2,1974,SSB_MSYBtrigger,0.346852173913043
demersal,cod.27.1-2,1975,SSB_MSYBtrigger,0.28385652173913
demersal,cod.27.1-2,1976,SSB_MSYBtrigger,0.364947826086957
demersal,cod.27.1-2,1977,SSB_MSYBtrigger,0.76634347826087
demersal,cod.27.1-2,1978,SSB_MSYBtrigger,0.510486956521739
demersal,cod.27.1-2,1979,SSB_MSYBtrigger,0.358973913043478
demersal,cod.27.1-2,1980,SSB_MSYBtrigger,0.223091304347826
demersal,cod.27.1-2,1981,SSB_MSYBtrigger,0.329732608695652
demersal,cod.27.1-2,1982,SSB_MSYBtrigger,0.674430434782609
demersal,cod.27.1-2,1983,SSB_MSYBtrigger,0.611865217391304
demersal,cod.27.1-2,1984,SSB_MSYBtrigger,0.494823913043478
demersal,cod.27.1-2,1985,SSB_MSYBtrigger,0.407617391304348
demersal,cod.27.1-2,1986,SSB_MSYBtrigger,0.352628260869565
demersal,cod.27.1-2,1987,SSB_MSYBtrigger,0.239684782608696
demersal,cod.27.1-2,1988,SSB_MSYBtrigger,0.389928260869565
demersal,cod.27.1-2,1989,SSB_MSYBtrigger,0.509234782608696
demersal,cod.27.1-2,1990,SSB_MSYBtrigger,0.721495652173913
demersal,cod.27.1-2,1991,SSB_MSYBtrigger,1.53595434782609
demersal,cod.27.1-2,1992,SSB_MSYBtrigger,1.97539782608696
demersal,cod.27.1-2,1993,SSB_MSYBtrigger,1.68661956521739
demersal,cod.27.1-2,1994,SSB_MSYBtrigger,1.28557391304348
demersal,cod.27.1-2,1995,SSB_MSYBtrigger,1.13764782608696
demersal,cod.27.1-2,1996,SSB_MSYBtrigger,1.1878347826087
demersal,cod.27.1-2,1997,SSB_MSYBtrigger,1.18305
demersal,cod.27.1-2,1998,SSB_MSYBtrigger,0.821421739130435
demersal,cod.27.1-2,1999,SSB_MSYBtrigger,0.61534347826087
demersal,cod.27.1-2,2000,SSB_MSYBtrigger,0.519645652173913
demersal,cod.27.1-2,2001,SSB_MSYBtrigger,0.790219565217391
demersal,cod.27.1-2,2002,SSB_MSYBtrigger,1.09999565217391
demersal,cod.27.1-2,2003,SSB_MSYBtrigger,1.29395217391304
demersal,cod.27.1-2,2004,SSB_MSYBtrigger,1.54155217391304
demersal,cod.27.1-2,2005,SSB_MSYBtrigger,1.33836304347826
demersal,cod.27.1-2,2006,SSB_MSYBtrigger,1.30910217391304
demersal,cod.27.1-2,2007,SSB_MSYBtrigger,1.41993260869565
demersal,cod.27.1-2,2008,SSB_MSYBtrigger,1.49713043478261
demersal,cod.27.1-2,2009,SSB_MSYBtrigger,2.39081304347826
demersal,cod.27.1-2,2010,SSB_MSYBtrigger,3.03967391304348
demersal,cod.27.1-2,2011,SSB_MSYBtrigger,4.37562173913043
demersal,cod.27.1-2,2012,SSB_MSYBtrigger,5.07494565217391
demersal,cod.27.1-2,2013,SSB_MSYBtrigger,5.75189565217391
demersal,cod.27.1-2,2014,SSB_MSYBtrigger,5.45205652173913
demersal,cod.27.1-2,2015,SSB_MSYBtrigger,4.50286739130435
demersal,cod.27.1-2,2016,SSB_MSYBtrigger,3.69637608695652
demersal,cod.27.1-2,2017,SSB_MSYBtrigger,3.95977608695652
demersal,cod.27.1-2,2018,SSB_MSYBtrigger,3.31718913043478
demersal,cod.27.1-2,2019,SSB_MSYBtrigger,3.25137608695652
demersal,cod.27.1-2,1946,SSB_SSBMEAN,2.7154636078765
demersal,cod.27.1-2,1947,SSB_SSBMEAN,2.7990775537717
demersal,cod.27.1-2,1948,SSB_SSBMEAN,2.29424773582798
demersal,cod.27.1-2,1949,SSB_SSBMEAN,1.71195100839165
demersal,cod.27.1-2,1950,SSB_SSBMEAN,1.54010256226565
demersal,cod.27.1-2,1951,SSB_SSBMEAN,1.40063088299661
demersal,cod.27.1-2,1952,SSB_SSBMEAN,1.3681390133626
demersal,cod.27.1-2,1953,SSB_SSBMEAN,1.08538630101284
demersal,cod.27.1-2,1954,SSB_SSBMEAN,1.12240554654389
demersal,cod.27.1-2,1955,SSB_SSBMEAN,0.908100618942686
demersal,cod.27.1-2,1956,SSB_SSBMEAN,0.778722357003438
demersal,cod.27.1-2,1957,SSB_SSBMEAN,0.566971614835675
demersal,cod.27.1-2,1958,SSB_SSBMEAN,0.559837983201287
demersal,cod.27.1-2,1959,SSB_SSBMEAN,1.21403557869748
demersal,cod.27.1-2,1960,SSB_SSBMEAN,1.10441114573275
demersal,cod.27.1-2,1961,SSB_SSBMEAN,1.11275061598379
demersal,cod.27.1-2,1962,SSB_SSBMEAN,0.877538091095316
demersal,cod.27.1-2,1963,SSB_SSBMEAN,0.587684633618891
demersal,cod.27.1-2,1964,SSB_SSBMEAN,0.526447215689418
demersal,cod.27.1-2,1965,SSB_SSBMEAN,0.291944491259382
demersal,cod.27.1-2,1966,SSB_SSBMEAN,0.334151583384324
demersal,cod.27.1-2,1967,SSB_SSBMEAN,0.36596653906762
demersal,cod.27.1-2,1968,SSB_SSBMEAN,0.627411534952775
demersal,cod.27.1-2,1969,SSB_SSBMEAN,0.414676938095521
demersal,cod.27.1-2,1970,SSB_SSBMEAN,0.632045791999933
demersal,cod.27.1-2,1971,SSB_SSBMEAN,0.875148338200507
demersal,cod.27.1-2,1972,SSB_SSBMEAN,1.00079672205508
demersal,cod.27.1-2,1973,SSB_SSBMEAN,0.888587957691496
demersal,cod.27.1-2,1974,SSB_SSBMEAN,0.437259006734539
demersal,cod.27.1-2,1975,SSB_SSBMEAN,0.357843571659119
demersal,cod.27.1-2,1976,SSB_SSBMEAN,0.460071280927644
demersal,cod.27.1-2,1977,SSB_SSBMEAN,0.966090494234145
demersal,cod.27.1-2,1978,SSB_SSBMEAN,0.643545107535045
demersal,cod.27.1-2,1979,SSB_SSBMEAN,0.452540270658224
demersal,cod.27.1-2,1980,SSB_SSBMEAN,0.281239932994333
demersal,cod.27.1-2,1981,SSB_SSBMEAN,0.415677236038876
demersal,cod.27.1-2,1982,SSB_SSBMEAN,0.85022036534365
demersal,cod.27.1-2,1983,SSB_SSBMEAN,0.77134755764572
demersal,cod.27.1-2,1984,SSB_SSBMEAN,0.623799500187457
demersal,cod.27.1-2,1985,SSB_SSBMEAN,0.513862645399325
demersal,cod.27.1-2,1986,SSB_SSBMEAN,0.444540627653698
demersal,cod.27.1-2,1987,SSB_SSBMEAN,0.302158492450841
demersal,cod.27.1-2,1988,SSB_SSBMEAN,0.491562852618294
demersal,cod.27.1-2,1989,SSB_SSBMEAN,0.641966555164162
demersal,cod.27.1-2,1990,SSB_SSBMEAN,0.909553106367283
demersal,cod.27.1-2,1991,SSB_SSBMEAN,1.93630002356106
demersal,cod.27.1-2,1992,SSB_SSBMEAN,2.49028420838699
demersal,cod.27.1-2,1993,SSB_SSBMEAN,2.12623604893676
demersal,cod.27.1-2,1994,SSB_SSBMEAN,1.62065806294226
demersal,cod.27.1-2,1995,SSB_SSBMEAN,1.43417512087787
demersal,cod.27.1-2,1996,SSB_SSBMEAN,1.49744328065947
demersal,cod.27.1-2,1997,SSB_SSBMEAN,1.49141134703392
demersal,cod.27.1-2,1998,SSB_SSBMEAN,1.0355248742145
demersal,cod.27.1-2,1999,SSB_SSBMEAN,0.775732425342617
demersal,cod.27.1-2,2000,SSB_SSBMEAN,0.655091012289436
demersal,cod.27.1-2,2001,SSB_SSBMEAN,0.99618987043103
demersal,cod.27.1-2,2002,SSB_SSBMEAN,1.38670892805896
demersal,cod.27.1-2,2003,SSB_SSBMEAN,1.63122011300716
demersal,cod.27.1-2,2004,SSB_SSBMEAN,1.94335692001076
demersal,cod.27.1-2,2005,SSB_SSBMEAN,1.6872066518696
demersal,cod.27.1-2,2006,SSB_SSBMEAN,1.65031895236946
demersal,cod.27.1-2,2007,SSB_SSBMEAN,1.79003728044645
demersal,cod.27.1-2,2008,SSB_SSBMEAN,1.88735667843676
demersal,cod.27.1-2,2009,SSB_SSBMEAN,3.0139771790543
demersal,cod.27.1-2,2010,SSB_SSBMEAN,3.83196328574113
demersal,cod.27.1-2,2011,SSB_SSBMEAN,5.5161251951037
demersal,cod.27.1-2,2012,SSB_SSBMEAN,6.39772751044558
demersal,cod.27.1-2,2013,SSB_SSBMEAN,7.25112416432717
demersal,cod.27.1-2,2014,SSB_SSBMEAN,6.87313212560081
demersal,cod.27.1-2,2015,SSB_SSBMEAN,5.67653735816774
demersal,cod.27.1-2,2016,SSB_SSBMEAN,4.65983452854216
demersal,cod.27.1-2,2017,SSB_SSBMEAN,4.99188959705891
demersal,cod.27.1-2,2018,SSB_SSBMEAN,4.18181269548035
demersal,cod.27.1-2,2019,SSB_SSBMEAN,4.09884551757044
demersal,cod.27.1-2coast,1984,F_FMEAN,1.87171997186479
demersal,cod.27.1-2coast,1985,F_FMEAN,1.58399602796971
demersal,cod.27.1-2coast,1986,F_FMEAN,1.78388845214945
demersal,cod.27.1-2coast,1987,F_FMEAN,1.53250858537796
demersal,cod.27.1-2coast,1988,F_FMEAN,1.91715006826927
demersal,cod.27.1-2coast,1989,F_FMEAN,1.15695312176755
demersal,cod.27.1-2coast,1990,F_FMEAN,0.7117381770036
demersal,cod.27.1-2coast,1991,F_FMEAN,0.581505233977409
demersal,cod.27.1-2coast,1992,F_FMEAN,0.745053581033555
demersal,cod.27.1-2coast,1993,F_FMEAN,0.702652157722703
demersal,cod.27.1-2coast,1994,F_FMEAN,0.7117381770036
demersal,cod.27.1-2coast,1995,F_FMEAN,0.884372543340643
demersal,cod.27.1-2coast,1996,F_FMEAN,1.08123629442674
demersal,cod.27.1-2coast,1997,F_FMEAN,1.16301046795482
demersal,cod.27.1-2coast,1998,F_FMEAN,1.26598535313832
demersal,cod.27.1-2coast,1999,F_FMEAN,1.24781331457652
demersal,cod.27.1-2coast,2000,F_FMEAN,1.0024907939923
demersal,cod.27.1-2coast,2001,F_FMEAN,0.881343870247011
demersal,cod.27.1-2coast,2002,F_FMEAN,1.0024907939923
demersal,cod.27.1-2coast,2003,F_FMEAN,0.869229177872481
demersal,cod.27.1-2coast,2004,F_FMEAN,0.832885100748893
demersal,cod.27.1-2coast,2005,F_FMEAN,0.75111092722082
demersal,cod.27.1-2coast,2006,F_FMEAN,0.799569696718938
demersal,cod.27.1-2coast,2007,F_FMEAN,0.702652157722703
demersal,cod.27.1-2coast,2008,F_FMEAN,0.678422772973644
demersal,cod.27.1-2coast,2009,F_FMEAN,0.79048367743804
demersal,cod.27.1-2coast,2010,F_FMEAN,0.672365426786379
demersal,cod.27.1-2coast,2011,F_FMEAN,0.793512350531673
demersal,cod.27.1-2coast,2012,F_FMEAN,0.626935330381894
demersal,cod.27.1-2coast,2013,F_FMEAN,0.505788406636601
demersal,cod.27.1-2coast,2014,F_FMEAN,0.47853034879391
demersal,cod.27.1-2coast,2015,F_FMEAN,0.7117381770036
demersal,cod.27.1-2coast,2016,F_FMEAN,0.823799081467996
demersal,cod.27.1-2coast,2017,F_FMEAN,1.05094956349042
demersal,cod.27.1-2coast,2018,F_FMEAN,0.811684389093467
demersal,ghl.27.1-2,1992,F_FMEAN,0.0696594811535438
demersal,ghl.27.1-2,1993,F_FMEAN,0.0817741735280731
demersal,ghl.27.1-2,1994,F_FMEAN,0.0545161156853821
demersal,ghl.27.1-2,1995,F_FMEAN,0.0666308080599115
demersal,ghl.27.1-2,1996,F_FMEAN,0.0787455004344408
demersal,ghl.27.1-2,1997,F_FMEAN,0.0514874425917498
demersal,ghl.27.1-2,1998,F_FMEAN,0.0636021349662791
demersal,ghl.27.1-2,1999,F_FMEAN,0.106003558277132
demersal,ghl.27.1-2,2000,F_FMEAN,0.0787455004344408
demersal,ghl.27.1-2,2001,F_FMEAN,0.0878315197153378
demersal,ghl.27.1-2,2002,F_FMEAN,0.0726881542471761
demersal,ghl.27.1-2,2003,F_FMEAN,0.0726881542471761
demersal,ghl.27.1-2,2004,F_FMEAN,0.1029748851835
demersal,ghl.27.1-2,2005,F_FMEAN,0.1029748851835
demersal,ghl.27.1-2,2006,F_FMEAN,0.0938888659026025
demersal,ghl.27.1-2,2007,F_FMEAN,0.0787455004344408
demersal,ghl.27.1-2,2008,F_FMEAN,0.0666308080599115
demersal,ghl.27.1-2,2009,F_FMEAN,0.0575447887790144
demersal,ghl.27.1-2,2010,F_FMEAN,0.0636021349662791
demersal,ghl.27.1-2,2011,F_FMEAN,0.0666308080599115
demersal,ghl.27.1-2,2012,F_FMEAN,0.0787455004344408
demersal,ghl.27.1-2,2013,F_FMEAN,0.0848028466217055
demersal,ghl.27.1-2,2014,F_FMEAN,0.0878315197153378
demersal,ghl.27.1-2,2015,F_FMEAN,0.0969175389962348
demersal,ghl.27.1-2,2016,F_FMEAN,0.0969175389962348
demersal,ghl.27.1-2,2017,F_FMEAN,0.106003558277132
demersal,ghl.27.1-2,2018,F_FMEAN,0.118118250651661
demersal,had.27.1-2,1950,F_FMEAN,2.21698870453887
demersal,had.27.1-2,1951,F_FMEAN,2.07766974223178
demersal,had.27.1-2,1952,F_FMEAN,2.1352145310108
demersal,had.27.1-2,1953,F_FMEAN,1.64759816293599
demersal,had.27.1-2,1954,F_FMEAN,1.46890645041168
demersal,had.27.1-2,1955,F_FMEAN,1.23569862220199
demersal,had.27.1-2,1956,F_FMEAN,1.3205014688237
demersal,had.27.1-2,1957,F_FMEAN,1.23569862220199
demersal,had.27.1-2,1958,F_FMEAN,1.49313583516074
demersal,had.27.1-2,1959,F_FMEAN,1.36290289213455
demersal,had.27.1-2,1960,F_FMEAN,1.69605693243411
demersal,had.27.1-2,1961,F_FMEAN,2.00195291489098
demersal,had.27.1-2,1962,F_FMEAN,2.2381894161943
demersal,had.27.1-2,1963,F_FMEAN,2.18670197360255
demersal,had.27.1-2,1964,F_FMEAN,1.98680954942281
demersal,had.27.1-2,1965,F_FMEAN,1.70817162480864
demersal,had.27.1-2,1966,F_FMEAN,1.6385121436551
demersal,had.27.1-2,1967,F_FMEAN,1.38410360378998
demersal,had.27.1-2,1968,F_FMEAN,1.45982043113079
demersal,had.27.1-2,1969,F_FMEAN,1.23872729529563
demersal,had.27.1-2,1970,F_FMEAN,1.19329719889114
demersal,had.27.1-2,1971,F_FMEAN,1.02369150564773
demersal,had.27.1-2,1972,F_FMEAN,1.87777731805205
demersal,had.27.1-2,1973,F_FMEAN,1.54765195084613
demersal,had.27.1-2,1974,F_FMEAN,1.69908560552774
demersal,had.27.1-2,1975,F_FMEAN,1.55068062393976
demersal,had.27.1-2,1976,F_FMEAN,2.20184533907071
demersal,had.27.1-2,1977,F_FMEAN,2.25636145475609
demersal,had.27.1-2,1978,F_FMEAN,1.86566262567752
demersal,had.27.1-2,1979,F_FMEAN,1.72937233646407
demersal,had.27.1-2,1980,F_FMEAN,1.37501758450908
demersal,had.27.1-2,1981,F_FMEAN,1.22964127601473
demersal,had.27.1-2,1982,F_FMEAN,1.09335098680127
demersal,had.27.1-2,1983,F_FMEAN,1.10849435226944
demersal,had.27.1-2,1984,F_FMEAN,0.911630601183334
demersal,had.27.1-2,1985,F_FMEAN,1.2175265836402
demersal,had.27.1-2,1986,F_FMEAN,1.68394224005958
demersal,had.27.1-2,1987,F_FMEAN,1.99892424179734
demersal,had.27.1-2,1988,F_FMEAN,1.61731143199967
demersal,had.27.1-2,1989,F_FMEAN,0.911630601183334
demersal,had.27.1-2,1990,F_FMEAN,0.690537465348173
demersal,had.27.1-2,1991,F_FMEAN,0.735967561752658
demersal,had.27.1-2,1992,F_FMEAN,0.851057139310687
demersal,had.27.1-2,1993,F_FMEAN,0.884372543340643
demersal,had.27.1-2,1994,F_FMEAN,1.05397823658405
demersal,had.27.1-2,1995,F_FMEAN,0.993404774711407
demersal,had.27.1-2,1996,F_FMEAN,1.18421117961024
demersal,had.27.1-2,1997,F_FMEAN,1.40833298853904
demersal,had.27.1-2,1998,F_FMEAN,1.39318962307088
demersal,had.27.1-2,1999,F_FMEAN,1.41136166163267
demersal,had.27.1-2,2000,F_FMEAN,1.1145516984567
demersal,had.27.1-2,2001,F_FMEAN,1.1054656791758
demersal,had.27.1-2,2002,F_FMEAN,1.03277752492863
demersal,had.27.1-2,2003,F_FMEAN,1.23266994910836
demersal,had.27.1-2,2004,F_FMEAN,1.26295668004469
demersal,had.27.1-2,2005,F_FMEAN,1.3205014688237
demersal,had.27.1-2,2006,F_FMEAN,1.17815383342298
demersal,had.27.1-2,2007,F_FMEAN,1.07517894823948
demersal,had.27.1-2,2008,F_FMEAN,0.881343870247011
demersal,had.27.1-2,2009,F_FMEAN,0.784426331250776
demersal,had.27.1-2,2010,F_FMEAN,0.729910215565394
demersal,had.27.1-2,2011,F_FMEAN,0.702652157722703
demersal,had.27.1-2,2012,F_FMEAN,0.623906657288262
demersal,had.27.1-2,2013,F_FMEAN,0.496702387355704
demersal,had.27.1-2,2014,F_FMEAN,0.508817079730233
demersal,had.27.1-2,2015,F_FMEAN,0.6087632918201
demersal,had.27.1-2,2016,F_FMEAN,0.772311638876246
demersal,had.27.1-2,2017,F_FMEAN,1.15998179486119
demersal,had.27.1-2,2018,F_FMEAN,1.14483842939302
demersal,had.27.1-2,1950,F_FMSY,2.09142857142857
demersal,had.27.1-2,1951,F_FMSY,1.96
demersal,had.27.1-2,1952,F_FMSY,2.01428571428571
demersal,had.27.1-2,1953,F_FMSY,1.55428571428571
demersal,had.27.1-2,1954,F_FMSY,1.38571428571429
demersal,had.27.1-2,1955,F_FMSY,1.16571428571429
demersal,had.27.1-2,1956,F_FMSY,1.24571428571429
demersal,had.27.1-2,1957,F_FMSY,1.16571428571429
demersal,had.27.1-2,1958,F_FMSY,1.40857142857143
demersal,had.27.1-2,1959,F_FMSY,1.28571428571429
demersal,had.27.1-2,1960,F_FMSY,1.6
demersal,had.27.1-2,1961,F_FMSY,1.88857142857143
demersal,had.27.1-2,1962,F_FMSY,2.11142857142857
demersal,had.27.1-2,1963,F_FMSY,2.06285714285714
demersal,had.27.1-2,1964,F_FMSY,1.87428571428571
demersal,had.27.1-2,1965,F_FMSY,1.61142857142857
demersal,had.27.1-2,1966,F_FMSY,1.54571428571429
demersal,had.27.1-2,1967,F_FMSY,1.30571428571429
demersal,had.27.1-2,1968,F_FMSY,1.37714285714286
demersal,had.27.1-2,1969,F_FMSY,1.16857142857143
demersal,had.27.1-2,1970,F_FMSY,1.12571428571429
demersal,had.27.1-2,1971,F_FMSY,0.965714285714286
demersal,had.27.1-2,1972,F_FMSY,1.77142857142857
demersal,had.27.1-2,1973,F_FMSY,1.46
demersal,had.27.1-2,1974,F_FMSY,1.60285714285714
demersal,had.27.1-2,1975,F_FMSY,1.46285714285714
demersal,had.27.1-2,1976,F_FMSY,2.07714285714286
demersal,had.27.1-2,1977,F_FMSY,2.12857142857143
demersal,had.27.1-2,1978,F_FMSY,1.76
demersal,had.27.1-2,1979,F_FMSY,1.63142857142857
demersal,had.27.1-2,1980,F_FMSY,1.29714285714286
demersal,had.27.1-2,1981,F_FMSY,1.16
demersal,had.27.1-2,1982,F_FMSY,1.03142857142857
demersal,had.27.1-2,1983,F_FMSY,1.04571428571429
demersal,had.27.1-2,1984,F_FMSY,0.86
demersal,had.27.1-2,1985,F_FMSY,1.14857142857143
demersal,had.27.1-2,1986,F_FMSY,1.58857142857143
demersal,had.27.1-2,1987,F_FMSY,1.88571428571429
demersal,had.27.1-2,1988,F_FMSY,1.52571428571429
demersal,had.27.1-2,1989,F_FMSY,0.86
demersal,had.27.1-2,1990,F_FMSY,0.651428571428571
demersal,had.27.1-2,1991,F_FMSY,0.694285714285714
demersal,had.27.1-2,1992,F_FMSY,0.802857142857143
demersal,had.27.1-2,1993,F_FMSY,0.834285714285714
demersal,had.27.1-2,1994,F_FMSY,0.994285714285714
demersal,had.27.1-2,1995,F_FMSY,0.937142857142857
demersal,had.27.1-2,1996,F_FMSY,1.11714285714286
demersal,had.27.1-2,1997,F_FMSY,1.32857142857143
demersal,had.27.1-2,1998,F_FMSY,1.31428571428571
demersal,had.27.1-2,1999,F_FMSY,1.33142857142857
demersal,had.27.1-2,2000,F_FMSY,1.05142857142857
demersal,had.27.1-2,2001,F_FMSY,1.04285714285714
demersal,had.27.1-2,2002,F_FMSY,0.974285714285714
demersal,had.27.1-2,2003,F_FMSY,1.16285714285714
demersal,had.27.1-2,2004,F_FMSY,1.19142857142857
demersal,had.27.1-2,2005,F_FMSY,1.24571428571429
demersal,had.27.1-2,2006,F_FMSY,1.11142857142857
demersal,had.27.1-2,2007,F_FMSY,1.01428571428571
demersal,had.27.1-2,2008,F_FMSY,0.831428571428571
demersal,had.27.1-2,2009,F_FMSY,0.74
demersal,had.27.1-2,2010,F_FMSY,0.688571428571429
demersal,had.27.1-2,2011,F_FMSY,0.662857142857143
demersal,had.27.1-2,2012,F_FMSY,0.588571428571429
demersal,had.27.1-2,2013,F_FMSY,0.468571428571429
demersal,had.27.1-2,2014,F_FMSY,0.48
demersal,had.27.1-2,2015,F_FMSY,0.574285714285714
demersal,had.27.1-2,2016,F_FMSY,0.728571428571429
demersal,had.27.1-2,2017,F_FMSY,1.09428571428571
demersal,had.27.1-2,2018,F_FMSY,1.08
demersal,had.27.1-2,1950,SSB_MSYBtrigger,2.6308625
demersal,had.27.1-2,1951,SSB_MSYBtrigger,1.5868125
demersal,had.27.1-2,1952,SSB_MSYBtrigger,1.2765625
demersal,had.27.1-2,1953,SSB_MSYBtrigger,1.4983875
demersal,had.27.1-2,1954,SSB_MSYBtrigger,2.114625
demersal,had.27.1-2,1955,SSB_MSYBtrigger,3.4044875
demersal,had.27.1-2,1956,SSB_MSYBtrigger,4.15215
demersal,had.27.1-2,1957,SSB_MSYBtrigger,3.22015
demersal,had.27.1-2,1958,SSB_MSYBtrigger,2.3354875
demersal,had.27.1-2,1959,SSB_MSYBtrigger,1.6233375
demersal,had.27.1-2,1960,SSB_MSYBtrigger,1.4571875
demersal,had.27.1-2,1961,SSB_MSYBtrigger,1.5643625
demersal,had.27.1-2,1962,SSB_MSYBtrigger,1.545025
demersal,had.27.1-2,1963,SSB_MSYBtrigger,1.2130375
demersal,had.27.1-2,1964,SSB_MSYBtrigger,1.0825
demersal,had.27.1-2,1965,SSB_MSYBtrigger,1.2529125
demersal,had.27.1-2,1966,SSB_MSYBtrigger,1.676975
demersal,had.27.1-2,1967,SSB_MSYBtrigger,1.8194875
demersal,had.27.1-2,1968,SSB_MSYBtrigger,2.0061625
demersal,had.27.1-2,1969,SSB_MSYBtrigger,2.016725
demersal,had.27.1-2,1970,SSB_MSYBtrigger,1.8758625
demersal,had.27.1-2,1971,SSB_MSYBtrigger,1.5351375
demersal,had.27.1-2,1972,SSB_MSYBtrigger,1.53225
demersal,had.27.1-2,1973,SSB_MSYBtrigger,1.569125
demersal,had.27.1-2,1974,SSB_MSYBtrigger,2.0700875
demersal,had.27.1-2,1975,SSB_MSYBtrigger,2.371275
demersal,had.27.1-2,1976,SSB_MSYBtrigger,2.2923125
demersal,had.27.1-2,1977,SSB_MSYBtrigger,1.4539875
demersal,had.27.1-2,1978,SSB_MSYBtrigger,0.9837375
demersal,had.27.1-2,1979,SSB_MSYBtrigger,0.775975
demersal,had.27.1-2,1980,SSB_MSYBtrigger,0.779975
demersal,had.27.1-2,1981,SSB_MSYBtrigger,0.894275
demersal,had.27.1-2,1982,SSB_MSYBtrigger,0.8509
demersal,had.27.1-2,1983,SSB_MSYBtrigger,0.7366875
demersal,had.27.1-2,1984,SSB_MSYBtrigger,0.6626875
demersal,had.27.1-2,1985,SSB_MSYBtrigger,0.6233125
demersal,had.27.1-2,1986,SSB_MSYBtrigger,0.678175
demersal,had.27.1-2,1987,SSB_MSYBtrigger,0.90015
demersal,had.27.1-2,1988,SSB_MSYBtrigger,0.964575
demersal,had.27.1-2,1989,SSB_MSYBtrigger,1.0419875
demersal,had.27.1-2,1990,SSB_MSYBtrigger,1.099875
demersal,had.27.1-2,1991,SSB_MSYBtrigger,1.259075
demersal,had.27.1-2,1992,SSB_MSYBtrigger,1.4530125
demersal,had.27.1-2,1993,SSB_MSYBtrigger,1.7051625
demersal,had.27.1-2,1994,SSB_MSYBtrigger,2.0651375
demersal,had.27.1-2,1995,SSB_MSYBtrigger,2.6117625
demersal,had.27.1-2,1996,SSB_MSYBtrigger,3.1332625
demersal,had.27.1-2,1997,SSB_MSYBtrigger,2.7565875
demersal,had.27.1-2,1998,SSB_MSYBtrigger,2.005325
demersal,had.27.1-2,1999,SSB_MSYBtrigger,1.4377875
demersal,had.27.1-2,2000,SSB_MSYBtrigger,1.1680875
demersal,had.27.1-2,2001,SSB_MSYBtrigger,1.1672625
demersal,had.27.1-2,2002,SSB_MSYBtrigger,1.3431125
demersal,had.27.1-2,2003,SSB_MSYBtrigger,1.74605
demersal,had.27.1-2,2004,SSB_MSYBtrigger,1.997225
demersal,had.27.1-2,2005,SSB_MSYBtrigger,2.1852
demersal,had.27.1-2,2006,SSB_MSYBtrigger,2.1525625
demersal,had.27.1-2,2007,SSB_MSYBtrigger,2.23945
demersal,had.27.1-2,2008,SSB_MSYBtrigger,2.475625
demersal,had.27.1-2,2009,SSB_MSYBtrigger,2.63925
demersal,had.27.1-2,2010,SSB_MSYBtrigger,3.8942625
demersal,had.27.1-2,2011,SSB_MSYBtrigger,5.4037
demersal,had.27.1-2,2012,SSB_MSYBtrigger,7.0678375
demersal,had.27.1-2,2013,SSB_MSYBtrigger,7.551675
demersal,had.27.1-2,2014,SSB_MSYBtrigger,7.4573125
demersal,had.27.1-2,2015,SSB_MSYBtrigger,6.9386125
demersal,had.27.1-2,2016,SSB_MSYBtrigger,6.579225
demersal,had.27.1-2,2017,SSB_MSYBtrigger,4.8556
demersal,had.27.1-2,2018,SSB_MSYBtrigger,3.4996375
demersal,had.27.1-2,2019,SSB_MSYBtrigger,2.7530625
demersal,had.27.1-2,1950,SSB_SSBMEAN,0.576799199561345
demersal,had.27.1-2,1951,SSB_SSBMEAN,0.347898143614095
demersal,had.27.1-2,1952,SSB_SSBMEAN,0.279877883465985
demersal,had.27.1-2,1953,SSB_SSBMEAN,0.32851154730919
demersal,had.27.1-2,1954,SSB_SSBMEAN,0.46361754267751
demersal,had.27.1-2,1955,SSB_SSBMEAN,0.746411363161931
demersal,had.27.1-2,1956,SSB_SSBMEAN,0.910331420383482
demersal,had.27.1-2,1957,SSB_SSBMEAN,0.705996585708096
demersal,had.27.1-2,1958,SSB_SSBMEAN,0.512040184762802
demersal,had.27.1-2,1959,SSB_SSBMEAN,0.355906008245553
demersal,had.27.1-2,1960,SSB_SSBMEAN,0.319478719853583
demersal,had.27.1-2,1961,SSB_SSBMEAN,0.342976129624328
demersal,had.27.1-2,1962,SSB_SSBMEAN,0.338736510669891
demersal,had.27.1-2,1963,SSB_SSBMEAN,0.265950447443717
demersal,had.27.1-2,1964,SSB_SSBMEAN,0.237330964094534
demersal,had.27.1-2,1965,SSB_SSBMEAN,0.274692777414405
demersal,had.27.1-2,1966,SSB_SSBMEAN,0.367665675300167
demersal,had.27.1-2,1967,SSB_SSBMEAN,0.398910598182867
demersal,had.27.1-2,1968,SSB_SSBMEAN,0.439837857048777
demersal,had.27.1-2,1969,SSB_SSBMEAN,0.4421536153012
demersal,had.27.1-2,1970,SSB_SSBMEAN,0.411270444003495
demersal,had.27.1-2,1971,SSB_SSBMEAN,0.336568741702238
demersal,had.27.1-2,1972,SSB_SSBMEAN,0.335935676428499
demersal,had.27.1-2,1973,SSB_SSBMEAN,0.344020276244652
demersal,had.27.1-2,1974,SSB_SSBMEAN,0.453852990424983
demersal,had.27.1-2,1975,SSB_SSBMEAN,0.519886357397937
demersal,had.27.1-2,1976,SSB_SSBMEAN,0.502574351622126
demersal,had.27.1-2,1977,SSB_SSBMEAN,0.31877714102208
demersal,had.27.1-2,1978,SSB_SSBMEAN,0.215677939298796
demersal,had.27.1-2,1979,SSB_SSBMEAN,0.170127385554971
demersal,had.27.1-2,1980,SSB_SSBMEAN,0.17100435909435
demersal,had.27.1-2,1981,SSB_SSBMEAN,0.196063877982115
demersal,had.27.1-2,1982,SSB_SSBMEAN,0.18655419616447
demersal,had.27.1-2,1983,SSB_SSBMEAN,0.161513861072879
demersal,had.27.1-2,1984,SSB_SSBMEAN,0.145289850594362
demersal,had.27.1-2,1985,SSB_SSBMEAN,0.136657142316096
demersal,had.27.1-2,1986,SSB_SSBMEAN,0.148685382517146
demersal,had.27.1-2,1987,SSB_SSBMEAN,0.197351932868078
demersal,had.27.1-2,1988,SSB_SSBMEAN,0.211476687936707
demersal,had.27.1-2,1989,SSB_SSBMEAN,0.228448866466008
demersal,had.27.1-2,1990,SSB_SSBMEAN,0.241140317906213
demersal,had.27.1-2,1991,SSB_SSBMEAN,0.276043864773511
demersal,had.27.1-2,1992,SSB_SSBMEAN,0.318563378721856
demersal,had.27.1-2,1993,SSB_SSBMEAN,0.373845598210481
demersal,had.27.1-2,1994,SSB_SSBMEAN,0.452767735670001
demersal,had.27.1-2,1995,SSB_SSBMEAN,0.572611650910809
demersal,had.27.1-2,1996,SSB_SSBMEAN,0.68694707610739
demersal,had.27.1-2,1997,SSB_SSBMEAN,0.604363574120962
demersal,had.27.1-2,1998,SSB_SSBMEAN,0.439654240713969
demersal,had.27.1-2,1999,SSB_SSBMEAN,0.315225398187593
demersal,had.27.1-2,2000,SSB_SSBMEAN,0.256095457294941
demersal,had.27.1-2,2001,SSB_SSBMEAN,0.255914581502444
demersal,had.27.1-2,2002,SSB_SSBMEAN,0.294468530727409
demersal,had.27.1-2,2003,SSB_SSBMEAN,0.382809912108324
demersal,had.27.1-2,2004,SSB_SSBMEAN,0.437878369296726
demersal,had.27.1-2,2005,SSB_SSBMEAN,0.479090644562934
demersal,had.27.1-2,2006,SSB_SSBMEAN,0.47193508859006
demersal,had.27.1-2,2007,SSB_SSBMEAN,0.490984598190766
demersal,had.27.1-2,2008,SSB_SSBMEAN,0.542764404606495
demersal,had.27.1-2,2009,SSB_SSBMEAN,0.578638103451731
demersal,had.27.1-2,2010,SSB_SSBMEAN,0.85379129197431
demersal,had.27.1-2,2011,SSB_SSBMEAN,1.18472547868604
demersal,had.27.1-2,2012,SSB_SSBMEAN,1.54957661703326
demersal,had.27.1-2,2013,SSB_SSBMEAN,1.65565478824812
demersal,had.27.1-2,2014,SSB_SSBMEAN,1.6349664343457
demersal,had.27.1-2,2015,SSB_SSBMEAN,1.52124489062668
demersal,had.27.1-2,2016,SSB_SSBMEAN,1.44245155865576
demersal,had.27.1-2,2017,SSB_SSBMEAN,1.06455817945258
demersal,had.27.1-2,2018,SSB_SSBMEAN,0.767272371229917
demersal,had.27.1-2,2019,SSB_SSBMEAN,0.603590741189384
demersal,pok.27.1-2,1960,F_FMEAN,0.835913773842526
demersal,pok.27.1-2,1961,F_FMEAN,0.705680830816335
demersal,pok.27.1-2,1962,F_FMEAN,0.705680830816335
demersal,pok.27.1-2,1963,F_FMEAN,0.748082254127188
demersal,pok.27.1-2,1964,F_FMEAN,0.860143158591584
demersal,pok.27.1-2,1965,F_FMEAN,0.878315197153378
demersal,pok.27.1-2,1966,F_FMEAN,0.905573254996069
demersal,pok.27.1-2,1967,F_FMEAN,0.844999793123423
demersal,pok.27.1-2,1968,F_FMEAN,0.611791964913732
demersal,pok.27.1-2,1969,F_FMEAN,0.590591253258306
demersal,pok.27.1-2,1970,F_FMEAN,0.935859985932393
demersal,pok.27.1-2,1971,F_FMEAN,0.987347428524142
demersal,pok.27.1-2,1972,F_FMEAN,0.972204063055981
demersal,pok.27.1-2,1973,F_FMEAN,1.08426496752038
demersal,pok.27.1-2,1974,F_FMEAN,1.45376308494352
demersal,pok.27.1-2,1975,F_FMEAN,1.63245479746783
demersal,pok.27.1-2,1976,F_FMEAN,1.7324010095577
demersal,pok.27.1-2,1977,F_FMEAN,1.5173652199098
demersal,pok.27.1-2,1978,F_FMEAN,1.67485622077868
demersal,pok.27.1-2,1979,F_FMEAN,1.78085977905582
demersal,pok.27.1-2,1980,F_FMEAN,1.70817162480864
demersal,pok.27.1-2,1981,F_FMEAN,1.68999958624685
demersal,pok.27.1-2,1982,F_FMEAN,1.68091356696595
demersal,pok.27.1-2,1983,F_FMEAN,1.82931854855393
demersal,pok.27.1-2,1984,F_FMEAN,2.16550126194712
demersal,pok.27.1-2,1985,F_FMEAN,1.92320741445654
demersal,pok.27.1-2,1986,F_FMEAN,1.64759816293599
demersal,pok.27.1-2,1987,F_FMEAN,1.86263395258389
demersal,pok.27.1-2,1988,F_FMEAN,1.83234722164756
demersal,pok.27.1-2,1989,F_FMEAN,1.47496379659895
demersal,pok.27.1-2,1990,F_FMEAN,1.66577020149779
demersal,pok.27.1-2,1991,F_FMEAN,1.54159460465886
demersal,pok.27.1-2,1992,F_FMEAN,1.83234722164756
demersal,pok.27.1-2,1993,F_FMEAN,1.61428275890604
demersal,pok.27.1-2,1994,F_FMEAN,1.44467706566263
demersal,pok.27.1-2,1995,F_FMEAN,1.12666639083123
demersal,pok.27.1-2,1996,F_FMEAN,1.09032231370764
demersal,pok.27.1-2,1997,F_FMEAN,0.772311638876246
demersal,pok.27.1-2,1998,F_FMEAN,0.769282965782614
demersal,pok.27.1-2,1999,F_FMEAN,0.769282965782614
demersal,pok.27.1-2,2000,F_FMEAN,0.681451446067276
demersal,pok.27.1-2,2001,F_FMEAN,0.593619926351938
demersal,pok.27.1-2,2002,F_FMEAN,0.56939054160288
demersal,pok.27.1-2,2003,F_FMEAN,0.551218503041086
demersal,pok.27.1-2,2004,F_FMEAN,0.533046464479292
demersal,pok.27.1-2,2005,F_FMEAN,0.626935330381894
demersal,pok.27.1-2,2006,F_FMEAN,0.748082254127188
demersal,pok.27.1-2,2007,F_FMEAN,0.79048367743804
demersal,pok.27.1-2,2008,F_FMEAN,0.99643344780504
demersal,pok.27.1-2,2009,F_FMEAN,1.03580619802226
demersal,pok.27.1-2,2010,F_FMEAN,1.14180975629939
demersal,pok.27.1-2,2011,F_FMEAN,1.12969506392486
demersal,pok.27.1-2,2012,F_FMEAN,1.06306425586495
demersal,pok.27.1-2,2013,F_FMEAN,0.875286524059746
demersal,pok.27.1-2,2014,F_FMEAN,0.79048367743804
demersal,pok.27.1-2,2015,F_FMEAN,0.748082254127188
demersal,pok.27.1-2,2016,F_FMEAN,0.729910215565394
demersal,pok.27.1-2,2017,F_FMEAN,0.666308080599115
demersal,pok.27.1-2,2018,F_FMEAN,0.69962348462907
demersal,pok.27.1-2,1960,SSB_SSBMEAN,1.26527823882034
demersal,pok.27.1-2,1961,SSB_SSBMEAN,1.24701526486276
demersal,pok.27.1-2,1962,SSB_SSBMEAN,1.26050147357303
demersal,pok.27.1-2,1963,SSB_SSBMEAN,1.25110689453243
demersal,pok.27.1-2,1964,SSB_SSBMEAN,1.31531231978424
demersal,pok.27.1-2,1965,SSB_SSBMEAN,1.42210303199985
demersal,pok.27.1-2,1966,SSB_SSBMEAN,1.31499167633391
demersal,pok.27.1-2,1967,SSB_SSBMEAN,1.34874967651539
demersal,pok.27.1-2,1968,SSB_SSBMEAN,1.29009933052708
demersal,pok.27.1-2,1969,SSB_SSBMEAN,1.39936475244913
demersal,pok.27.1-2,1970,SSB_SSBMEAN,1.55029463911862
demersal,pok.27.1-2,1971,SSB_SSBMEAN,1.51829606710052
demersal,pok.27.1-2,1972,SSB_SSBMEAN,1.47175069649796
demersal,pok.27.1-2,1973,SSB_SSBMEAN,1.47161640992474
demersal,pok.27.1-2,1974,SSB_SSBMEAN,1.34827008161104
demersal,pok.27.1-2,1975,SSB_SSBMEAN,1.0909304181071
demersal,pok.27.1-2,1976,SSB_SSBMEAN,0.771977882377149
demersal,pok.27.1-2,1977,SSB_SSBMEAN,0.574812306386189
demersal,pok.27.1-2,1978,SSB_SSBMEAN,0.518598302511973
demersal,pok.27.1-2,1979,SSB_SSBMEAN,0.467654361500965
demersal,pok.27.1-2,1980,SSB_SSBMEAN,0.412317331166129
demersal,pok.27.1-2,1981,SSB_SSBMEAN,0.423983819782184
demersal,pok.27.1-2,1982,SSB_SSBMEAN,0.372549321697586
demersal,pok.27.1-2,1983,SSB_SSBMEAN,0.446056147551438
demersal,pok.27.1-2,1984,SSB_SSBMEAN,0.4011249563698
demersal,pok.27.1-2,1985,SSB_SSBMEAN,0.303778152956382
demersal,pok.27.1-2,1986,SSB_SSBMEAN,0.228791434254828
demersal,pok.27.1-2,1987,SSB_SSBMEAN,0.197628727641445
demersal,pok.27.1-2,1988,SSB_SSBMEAN,0.241636356064425
demersal,pok.27.1-2,1989,SSB_SSBMEAN,0.282840409703701
demersal,pok.27.1-2,1990,SSB_SSBMEAN,0.327615389973637
demersal,pok.27.1-2,1991,SSB_SSBMEAN,0.314055186620984
demersal,pok.27.1-2,1992,SSB_SSBMEAN,0.260288487030099
demersal,pok.27.1-2,1993,SSB_SSBMEAN,0.266312199028711
demersal,pok.27.1-2,1994,SSB_SSBMEAN,0.405241250920262
demersal,pok.27.1-2,1995,SSB_SSBMEAN,0.539582634983934
demersal,pok.27.1-2,1996,SSB_SSBMEAN,0.674518716728999
demersal,pok.27.1-2,1997,SSB_SSBMEAN,0.672449607284526
demersal,pok.27.1-2,1998,SSB_SSBMEAN,0.806026380043552
demersal,pok.27.1-2,1999,SSB_SSBMEAN,0.849853132674035
demersal,pok.27.1-2,2000,SSB_SSBMEAN,1.01502561773151
demersal,pok.27.1-2,2001,SSB_SSBMEAN,1.03196490975309
demersal,pok.27.1-2,2002,SSB_SSBMEAN,1.24138345041456
demersal,pok.27.1-2,2003,SSB_SSBMEAN,1.21392047592044
demersal,pok.27.1-2,2004,SSB_SSBMEAN,1.44067842778083
demersal,pok.27.1-2,2005,SSB_SSBMEAN,1.67587176887312
demersal,pok.27.1-2,2006,SSB_SSBMEAN,1.49001915154016
demersal,pok.27.1-2,2007,SSB_SSBMEAN,1.51422362122703
demersal,pok.27.1-2,2008,SSB_SSBMEAN,1.30741955792983
demersal,pok.27.1-2,2009,SSB_SSBMEAN,1.01069007979621
demersal,pok.27.1-2,2010,SSB_SSBMEAN,0.914247655345273
demersal,pok.27.1-2,2011,SSB_SSBMEAN,0.81726260351685
demersal,pok.27.1-2,2012,SSB_SSBMEAN,0.844078810025684
demersal,pok.27.1-2,2013,SSB_SSBMEAN,0.909509257690314
demersal,pok.27.1-2,2014,SSB_SSBMEAN,0.987864102891548
demersal,pok.27.1-2,2015,SSB_SSBMEAN,1.02206333038503
demersal,pok.27.1-2,2016,SSB_SSBMEAN,1.13239756380819
demersal,pok.27.1-2,2017,SSB_SSBMEAN,1.18301263974194
demersal,pok.27.1-2,2018,SSB_SSBMEAN,1.35613269750004
demersal,pok.27.1-2,2019,SSB_SSBMEAN,1.52203416681213
crustacean,pra.27.1-2,1970,F_FMEAN,0.0514874425917498
crustacean,pra.27.1-2,1971,F_FMEAN,0.0454300964044851
crustacean,pra.27.1-2,1972,F_FMEAN,0.0575447887790144
crustacean,pra.27.1-2,1973,F_FMEAN,0.0575447887790144
crustacean,pra.27.1-2,1974,F_FMEAN,0.0666308080599115
crustacean,pra.27.1-2,1975,F_FMEAN,0.0666308080599115
crustacean,pra.27.1-2,1976,F_FMEAN,0.0757168273408085
crustacean,pra.27.1-2,1977,F_FMEAN,0.151433654681617
crustacean,pra.27.1-2,1978,F_FMEAN,0.296809963175969
crustacean,pra.27.1-2,1979,F_FMEAN,0.266523232239646
crustacean,pra.27.1-2,1980,F_FMEAN,0.305895982456866
crustacean,pra.27.1-2,1981,F_FMEAN,0.281666597707807
crustacean,pra.27.1-2,1982,F_FMEAN,0.354354751954984
crustacean,pra.27.1-2,1983,F_FMEAN,0.590591253258306
crustacean,pra.27.1-2,1984,F_FMEAN,0.990376101617775
crustacean,pra.27.1-2,1985,F_FMEAN,1.40530431544541
crustacean,pra.27.1-2,1986,F_FMEAN,0.881343870247011
crustacean,pra.27.1-2,1987,F_FMEAN,0.548189829947453
crustacean,pra.27.1-2,1988,F_FMEAN,0.493673714262071
crustacean,pra.27.1-2,1989,F_FMEAN,0.560304522321983
crustacean,pra.27.1-2,1990,F_FMEAN,0.66025073441185
crustacean,pra.27.1-2,1991,F_FMEAN,0.617849311100997
crustacean,pra.27.1-2,1992,F_FMEAN,0.566361868509247
crustacean,pra.27.1-2,1993,F_FMEAN,0.578476560883777
crustacean,pra.27.1-2,1994,F_FMEAN,0.311953328644131
crustacean,pra.27.1-2,1995,F_FMEAN,0.224121808928793
crustacean,pra.27.1-2,1996,F_FMEAN,0.28469527080144
crustacean,pra.27.1-2,1997,F_FMEAN,0.263494559146013
crustacean,pra.27.1-2,1998,F_FMEAN,0.399784848359469
crustacean,pra.27.1-2,1999,F_FMEAN,0.614820638007365
crustacean,pra.27.1-2,2000,F_FMEAN,0.732938888659026
crustacean,pra.27.1-2,2001,F_FMEAN,0.502759733542968
crustacean,pra.27.1-2,2002,F_FMEAN,0.563333195415615
crustacean,pra.27.1-2,2003,F_FMEAN,0.411899540733998
crustacean,pra.27.1-2,2004,F_FMEAN,0.32406802101866
crustacean,pra.27.1-2,2005,F_FMEAN,0.287723943895072
crustacean,pra.27.1-2,2006,F_FMEAN,0.218064462741528
crustacean,pra.27.1-2,2007,F_FMEAN,0.236236501303322
crustacean,pra.27.1-2,2008,F_FMEAN,0.215035789647896
crustacean,pra.27.1-2,2009,F_FMEAN,0.196863751086102
crustacean,pra.27.1-2,2010,F_FMEAN,0.178691712524308
crustacean,pra.27.1-2,2011,F_FMEAN,0.245322520584219
crustacean,pra.27.1-2,2012,F_FMEAN,0.23320782820969
crustacean,pra.27.1-2,2013,F_FMEAN,0.202921097273367
crustacean,pra.27.1-2,2014,F_FMEAN,0.215035789647896
crustacean,pra.27.1-2,2015,F_FMEAN,0.366469444329513
crustacean,pra.27.1-2,2016,F_FMEAN,0.254408539865116
crustacean,pra.27.1-2,2017,F_FMEAN,0.251379866771484
crustacean,pra.27.1-2,2018,F_FMEAN,0.369498117423145
crustacean,pra.27.1-2,1970,F_FMSY,0.017
crustacean,pra.27.1-2,1971,F_FMSY,0.015
crustacean,pra.27.1-2,1972,F_FMSY,0.019
crustacean,pra.27.1-2,1973,F_FMSY,0.019
crustacean,pra.27.1-2,1974,F_FMSY,0.022
crustacean,pra.27.1-2,1975,F_FMSY,0.022
crustacean,pra.27.1-2,1976,F_FMSY,0.025
crustacean,pra.27.1-2,1977,F_FMSY,0.05
crustacean,pra.27.1-2,1978,F_FMSY,0.098
crustacean,pra.27.1-2,1979,F_FMSY,0.088
crustacean,pra.27.1-2,1980,F_FMSY,0.101
crustacean,pra.27.1-2,1981,F_FMSY,0.093
crustacean,pra.27.1-2,1982,F_FMSY,0.117
crustacean,pra.27.1-2,1983,F_FMSY,0.195
crustacean,pra.27.1-2,1984,F_FMSY,0.327
crustacean,pra.27.1-2,1985,F_FMSY,0.464
crustacean,pra.27.1-2,1986,F_FMSY,0.291
crustacean,pra.27.1-2,1987,F_FMSY,0.181
crustacean,pra.27.1-2,1988,F_FMSY,0.163
crustacean,pra.27.1-2,1989,F_FMSY,0.185
crustacean,pra.27.1-2,1990,F_FMSY,0.218
crustacean,pra.27.1-2,1991,F_FMSY,0.204
crustacean,pra.27.1-2,1992,F_FMSY,0.187
crustacean,pra.27.1-2,1993,F_FMSY,0.191
crustacean,pra.27.1-2,1994,F_FMSY,0.103
crustacean,pra.27.1-2,1995,F_FMSY,0.074
crustacean,pra.27.1-2,1996,F_FMSY,0.094
crustacean,pra.27.1-2,1997,F_FMSY,0.087
crustacean,pra.27.1-2,1998,F_FMSY,0.132
crustacean,pra.27.1-2,1999,F_FMSY,0.203
crustacean,pra.27.1-2,2000,F_FMSY,0.242
crustacean,pra.27.1-2,2001,F_FMSY,0.166
crustacean,pra.27.1-2,2002,F_FMSY,0.186
crustacean,pra.27.1-2,2003,F_FMSY,0.136
crustacean,pra.27.1-2,2004,F_FMSY,0.107
crustacean,pra.27.1-2,2005,F_FMSY,0.095
crustacean,pra.27.1-2,2006,F_FMSY,0.072
crustacean,pra.27.1-2,2007,F_FMSY,0.078
crustacean,pra.27.1-2,2008,F_FMSY,0.071
crustacean,pra.27.1-2,2009,F_FMSY,0.065
crustacean,pra.27.1-2,2010,F_FMSY,0.059
crustacean,pra.27.1-2,2011,F_FMSY,0.081
crustacean,pra.27.1-2,2012,F_FMSY,0.077
crustacean,pra.27.1-2,2013,F_FMSY,0.067
crustacean,pra.27.1-2,2014,F_FMSY,0.071
crustacean,pra.27.1-2,2015,F_FMSY,0.121
crustacean,pra.27.1-2,2016,F_FMSY,0.084
crustacean,pra.27.1-2,2017,F_FMSY,0.083
crustacean,pra.27.1-2,2018,F_FMSY,0.122
crustacean,pra.27.1-2,1970,SSB_MSYBtrigger,3.22
crustacean,pra.27.1-2,1971,SSB_MSYBtrigger,3.4
crustacean,pra.27.1-2,1972,SSB_MSYBtrigger,3.52
crustacean,pra.27.1-2,1973,SSB_MSYBtrigger,3.64
crustacean,pra.27.1-2,1974,SSB_MSYBtrigger,3.72
crustacean,pra.27.1-2,1975,SSB_MSYBtrigger,3.8
crustacean,pra.27.1-2,1976,SSB_MSYBtrigger,3.84
crustacean,pra.27.1-2,1977,SSB_MSYBtrigger,3.9
crustacean,pra.27.1-2,1978,SSB_MSYBtrigger,3.94
crustacean,pra.27.1-2,1979,SSB_MSYBtrigger,4.04
crustacean,pra.27.1-2,1980,SSB_MSYBtrigger,4.52
crustacean,pra.27.1-2,1981,SSB_MSYBtrigger,4.62
crustacean,pra.27.1-2,1982,SSB_MSYBtrigger,5.24
crustacean,pra.27.1-2,1983,SSB_MSYBtrigger,5.26
crustacean,pra.27.1-2,1984,SSB_MSYBtrigger,3.86
crustacean,pra.27.1-2,1985,SSB_MSYBtrigger,2.64
crustacean,pra.27.1-2,1986,SSB_MSYBtrigger,2.22
crustacean,pra.27.1-2,1987,SSB_MSYBtrigger,2.36
crustacean,pra.27.1-2,1988,SSB_MSYBtrigger,2.94
crustacean,pra.27.1-2,1989,SSB_MSYBtrigger,3.34
crustacean,pra.27.1-2,1990,SSB_MSYBtrigger,3.66
crustacean,pra.27.1-2,1991,SSB_MSYBtrigger,3.62
crustacean,pra.27.1-2,1992,SSB_MSYBtrigger,3.6
crustacean,pra.27.1-2,1993,SSB_MSYBtrigger,2.88
crustacean,pra.27.1-2,1994,SSB_MSYBtrigger,2.72
crustacean,pra.27.1-2,1995,SSB_MSYBtrigger,3.34
crustacean,pra.27.1-2,1996,SSB_MSYBtrigger,3.62
crustacean,pra.27.1-2,1997,SSB_MSYBtrigger,4.04
crustacean,pra.27.1-2,1998,SSB_MSYBtrigger,4.16
crustacean,pra.27.1-2,1999,SSB_MSYBtrigger,3.66
crustacean,pra.27.1-2,2000,SSB_MSYBtrigger,3.28
crustacean,pra.27.1-2,2001,SSB_MSYBtrigger,3.4
crustacean,pra.27.1-2,2002,SSB_MSYBtrigger,3.26
crustacean,pra.27.1-2,2003,SSB_MSYBtrigger,2.84
crustacean,pra.27.1-2,2004,SSB_MSYBtrigger,3.94
crustacean,pra.27.1-2,2005,SSB_MSYBtrigger,4.42
crustacean,pra.27.1-2,2006,SSB_MSYBtrigger,4.06
crustacean,pra.27.1-2,2007,SSB_MSYBtrigger,3.78
crustacean,pra.27.1-2,2008,SSB_MSYBtrigger,3.9
crustacean,pra.27.1-2,2009,SSB_MSYBtrigger,4.14
crustacean,pra.27.1-2,2010,SSB_MSYBtrigger,4.22
crustacean,pra.27.1-2,2011,SSB_MSYBtrigger,3.64
crustacean,pra.27.1-2,2012,SSB_MSYBtrigger,3.14
crustacean,pra.27.1-2,2013,SSB_MSYBtrigger,2.82
crustacean,pra.27.1-2,2014,SSB_MSYBtrigger,2.92
crustacean,pra.27.1-2,2015,SSB_MSYBtrigger,2.78
crustacean,pra.27.1-2,2016,SSB_MSYBtrigger,3.48
crustacean,pra.27.1-2,2017,SSB_MSYBtrigger,3.54
crustacean,pra.27.1-2,2018,SSB_MSYBtrigger,3.56
pelagic,reb.27.1-2,1992,F_FMEAN,0.145376308494352
pelagic,reb.27.1-2,1993,F_FMEAN,0.1029748851835
pelagic,reb.27.1-2,1994,F_FMEAN,0.0908601928089702
pelagic,reb.27.1-2,1995,F_FMEAN,0.0666308080599115
pelagic,reb.27.1-2,1996,F_FMEAN,0.0484587694981174
pelagic,reb.27.1-2,1997,F_FMEAN,0.0454300964044851
pelagic,reb.27.1-2,1998,F_FMEAN,0.0636021349662791
pelagic,reb.27.1-2,1999,F_FMEAN,0.0484587694981174
pelagic,reb.27.1-2,2000,F_FMEAN,0.0393727502172204
pelagic,reb.27.1-2,2001,F_FMEAN,0.0666308080599115
pelagic,reb.27.1-2,2002,F_FMEAN,0.0242293847490587
pelagic,reb.27.1-2,2003,F_FMEAN,0.00908601928089702
pelagic,reb.27.1-2,2004,F_FMEAN,0.018172038561794
pelagic,reb.27.1-2,2005,F_FMEAN,0.027258057842691
pelagic,reb.27.1-2,2006,F_FMEAN,0.121146923745294
pelagic,reb.27.1-2,2007,F_FMEAN,0.0726881542471761
pelagic,reb.27.1-2,2008,F_FMEAN,0.0454300964044851
pelagic,reb.27.1-2,2009,F_FMEAN,0.0363440771235881
pelagic,reb.27.1-2,2010,F_FMEAN,0.0424014233108527
pelagic,reb.27.1-2,2011,F_FMEAN,0.0454300964044851
pelagic,reb.27.1-2,2012,F_FMEAN,0.0424014233108527
pelagic,reb.27.1-2,2013,F_FMEAN,0.0363440771235881
pelagic,reb.27.1-2,2014,F_FMEAN,0.0726881542471761
pelagic,reb.27.1-2,2015,F_FMEAN,0.1029748851835
pelagic,reb.27.1-2,2016,F_FMEAN,0.139318962307088
pelagic,reb.27.1-2,2017,F_FMEAN,0.118118250651661
pelagic,reb.27.1-2,1992,SSB_MSYBtrigger,0.721580952380952
pelagic,reb.27.1-2,1993,SSB_MSYBtrigger,0.907219047619048
pelagic,reb.27.1-2,1994,SSB_MSYBtrigger,1.15000634920635
pelagic,reb.27.1-2,1995,SSB_MSYBtrigger,1.3283873015873
pelagic,reb.27.1-2,1996,SSB_MSYBtrigger,1.09731746031746
pelagic,reb.27.1-2,1997,SSB_MSYBtrigger,1.3536126984127
pelagic,reb.27.1-2,1998,SSB_MSYBtrigger,1.53675238095238
pelagic,reb.27.1-2,1999,SSB_MSYBtrigger,1.73570476190476
pelagic,reb.27.1-2,2000,SSB_MSYBtrigger,2.0232
pelagic,reb.27.1-2,2001,SSB_MSYBtrigger,1.9128126984127
pelagic,reb.27.1-2,2002,SSB_MSYBtrigger,2.14072063492064
pelagic,reb.27.1-2,2003,SSB_MSYBtrigger,2.36667301587302
pelagic,reb.27.1-2,2004,SSB_MSYBtrigger,2.38944444444444
pelagic,reb.27.1-2,2005,SSB_MSYBtrigger,2.5622126984127
pelagic,reb.27.1-2,2006,SSB_MSYBtrigger,2.52711746031746
pelagic,reb.27.1-2,2007,SSB_MSYBtrigger,2.96227301587302
pelagic,reb.27.1-2,2008,SSB_MSYBtrigger,2.83209841269841
pelagic,reb.27.1-2,2009,SSB_MSYBtrigger,2.90332698412698
pelagic,reb.27.1-2,2010,SSB_MSYBtrigger,2.75863492063492
pelagic,reb.27.1-2,2011,SSB_MSYBtrigger,2.71697142857143
pelagic,reb.27.1-2,2012,SSB_MSYBtrigger,2.71092063492063
pelagic,reb.27.1-2,2013,SSB_MSYBtrigger,2.57607301587302
pelagic,reb.27.1-2,2014,SSB_MSYBtrigger,2.57318095238095
pelagic,reb.27.1-2,2015,SSB_MSYBtrigger,2.53777777777778
pelagic,reb.27.1-2,2016,SSB_MSYBtrigger,2.52625714285714
pelagic,reb.27.1-2,2017,SSB_MSYBtrigger,2.53157777777778
pelagic,reb.27.1-2,2018,SSB_MSYBtrigger,2.58503174603175
pelagic,reb.27.1-2,1992,SSB_SSBMEAN,0.622919786105767
pelagic,reb.27.1-2,1993,SSB_SSBMEAN,0.783175738258099
pelagic,reb.27.1-2,1994,SSB_SSBMEAN,0.99276693308514
pelagic,reb.27.1-2,1995,SSB_SSBMEAN,1.14675800551553
pelagic,reb.27.1-2,1996,SSB_SSBMEAN,0.947282152356769
pelagic,reb.27.1-2,1997,SSB_SSBMEAN,1.16853435471524
pelagic,reb.27.1-2,1998,SSB_SSBMEAN,1.32663350006917
pelagic,reb.27.1-2,1999,SSB_SSBMEAN,1.49838328667199
pelagic,reb.27.1-2,2000,SSB_SSBMEAN,1.74656953885865
pelagic,reb.27.1-2,2001,SSB_SSBMEAN,1.65127540163584
pelagic,reb.27.1-2,2002,SSB_SSBMEAN,1.84802167465329
pelagic,reb.27.1-2,2003,SSB_SSBMEAN,2.04307977360743
pelagic,reb.27.1-2,2004,SSB_SSBMEAN,2.06273768360108
pelagic,reb.27.1-2,2005,SSB_SSBMEAN,2.2118834772264
pelagic,reb.27.1-2,2006,SSB_SSBMEAN,2.18158678198315
pelagic,reb.27.1-2,2007,SSB_SSBMEAN,2.55724387866091
pelagic,reb.27.1-2,2008,SSB_SSBMEAN,2.44486794121638
pelagic,reb.27.1-2,2009,SSB_SSBMEAN,2.50635748903843
pelagic,reb.27.1-2,2010,SSB_SSBMEAN,2.38144905160771
pelagic,reb.27.1-2,2011,SSB_SSBMEAN,2.34548217432391
pelagic,reb.27.1-2,2012,SSB_SSBMEAN,2.34025870067998
pelagic,reb.27.1-2,2013,SSB_SSBMEAN,2.22384868495431
pelagic,reb.27.1-2,2014,SSB_SSBMEAN,2.22135205090939
pelagic,reb.27.1-2,2015,SSB_SSBMEAN,2.19078952306202
pelagic,reb.27.1-2,2016,SSB_SSBMEAN,2.18084409501699
pelagic,reb.27.1-2,2017,SSB_SSBMEAN,2.18543724392949
pelagic,reb.27.1-2,2018,SSB_SSBMEAN,2.23158249535471
demersal,reg.27.1-2,1990,F_FMEAN,1.59308204725061
demersal,reg.27.1-2,1991,F_FMEAN,1.12969506392486
demersal,reg.27.1-2,1992,F_FMEAN,0.920716620464231
demersal,reg.27.1-2,1993,F_FMEAN,0.896487235715172
demersal,reg.27.1-2,1994,F_FMEAN,0.935859985932393
demersal,reg.27.1-2,1995,F_FMEAN,0.760196946501717
demersal,reg.27.1-2,1996,F_FMEAN,0.854085812404319
demersal,reg.27.1-2,1997,F_FMEAN,0.826827754561629
demersal,reg.27.1-2,1998,F_FMEAN,0.926773966651496
demersal,reg.27.1-2,1999,F_FMEAN,0.98431875543051
demersal,reg.27.1-2,2000,F_FMEAN,0.787455004344408
demersal,reg.27.1-2,2001,F_FMEAN,0.593619926351938
demersal,reg.27.1-2,2002,F_FMEAN,0.542132483760189
demersal,reg.27.1-2,2003,F_FMEAN,0.436128925483057
demersal,reg.27.1-2,2004,F_FMEAN,0.411899540733998
demersal,reg.27.1-2,2005,F_FMEAN,0.399784848359469
demersal,reg.27.1-2,2006,F_FMEAN,0.430071579295792
demersal,reg.27.1-2,2007,F_FMEAN,0.442186271670321
demersal,reg.27.1-2,2008,F_FMEAN,0.411899540733998
demersal,reg.27.1-2,2009,F_FMEAN,0.417956886921263
demersal,reg.27.1-2,2010,F_FMEAN,0.55727584922835
demersal,reg.27.1-2,2011,F_FMEAN,0.490645041168439
demersal,reg.27.1-2,2012,F_FMEAN,0.533046464479292
demersal,reg.27.1-2,2013,F_FMEAN,0.626935330381894
demersal,reg.27.1-2,2014,F_FMEAN,0.572419214696512
demersal,reg.27.1-2,2015,F_FMEAN,0.502759733542968
demersal,reg.27.1-2,2016,F_FMEAN,0.702652157722703
demersal,reg.27.1-2,2017,F_FMEAN,0.923745293557863
demersal,reg.27.1-2,1990,F_FMSY,10.0190476190476
demersal,reg.27.1-2,1991,F_FMSY,7.10476190476191
demersal,reg.27.1-2,1992,F_FMSY,5.79047619047619
demersal,reg.27.1-2,1993,F_FMSY,5.63809523809524
demersal,reg.27.1-2,1994,F_FMSY,5.88571428571429
demersal,reg.27.1-2,1995,F_FMSY,4.78095238095238
demersal,reg.27.1-2,1996,F_FMSY,5.37142857142857
demersal,reg.27.1-2,1997,F_FMSY,5.2
demersal,reg.27.1-2,1998,F_FMSY,5.82857142857143
demersal,reg.27.1-2,1999,F_FMSY,6.19047619047619
demersal,reg.27.1-2,2000,F_FMSY,4.95238095238095
demersal,reg.27.1-2,2001,F_FMSY,3.73333333333333
demersal,reg.27.1-2,2002,F_FMSY,3.40952380952381
demersal,reg.27.1-2,2003,F_FMSY,2.74285714285714
demersal,reg.27.1-2,2004,F_FMSY,2.59047619047619
demersal,reg.27.1-2,2005,F_FMSY,2.51428571428571
demersal,reg.27.1-2,2006,F_FMSY,2.7047619047619
demersal,reg.27.1-2,2007,F_FMSY,2.78095238095238
demersal,reg.27.1-2,2008,F_FMSY,2.59047619047619
demersal,reg.27.1-2,2009,F_FMSY,2.62857142857143
demersal,reg.27.1-2,2010,F_FMSY,3.5047619047619
demersal,reg.27.1-2,2011,F_FMSY,3.08571428571429
demersal,reg.27.1-2,2012,F_FMSY,3.35238095238095
demersal,reg.27.1-2,2013,F_FMSY,3.94285714285714
demersal,reg.27.1-2,2014,F_FMSY,3.6
demersal,reg.27.1-2,2015,F_FMSY,3.16190476190476
demersal,reg.27.1-2,2016,F_FMSY,4.41904761904762
demersal,reg.27.1-2,2017,F_FMSY,5.80952380952381
demersal,reg.27.1-2,1990,SSB_SSBMEAN,0.152511179582688
demersal,reg.27.1-2,1991,SSB_SSBMEAN,0.152941444725446
demersal,reg.27.1-2,1992,SSB_SSBMEAN,0.160582076687289
demersal,reg.27.1-2,1993,SSB_SSBMEAN,0.168302184376138
demersal,reg.27.1-2,1994,SSB_SSBMEAN,0.172700754784587
demersal,reg.27.1-2,1995,SSB_SSBMEAN,0.180448267896542
demersal,reg.27.1-2,1996,SSB_SSBMEAN,0.18058803555438
demersal,reg.27.1-2,1997,SSB_SSBMEAN,0.177885860836168
demersal,reg.27.1-2,1998,SSB_SSBMEAN,0.166915469966994
demersal,reg.27.1-2,1999,SSB_SSBMEAN,0.151201200358241
demersal,reg.27.1-2,2000,SSB_SSBMEAN,0.14171344287908
demersal,reg.27.1-2,2001,SSB_SSBMEAN,0.138660478745116
demersal,reg.27.1-2,2002,SSB_SSBMEAN,0.136117255480916
demersal,reg.27.1-2,2003,SSB_SSBMEAN,0.135917195892245
demersal,reg.27.1-2,2004,SSB_SSBMEAN,0.135489671291798
demersal,reg.27.1-2,2005,SSB_SSBMEAN,0.134160508271176
demersal,reg.27.1-2,2006,SSB_SSBMEAN,0.130348413917186
demersal,reg.27.1-2,2007,SSB_SSBMEAN,0.124872810380686
demersal,reg.27.1-2,2008,SSB_SSBMEAN,0.119591785348236
demersal,reg.27.1-2,2009,SSB_SSBMEAN,0.113474894911066
demersal,reg.27.1-2,2010,SSB_SSBMEAN,0.102693601461321
demersal,reg.27.1-2,2011,SSB_SSBMEAN,0.0950337857033044
demersal,reg.27.1-2,2012,SSB_SSBMEAN,0.0873712294029774
demersal,reg.27.1-2,2013,SSB_SSBMEAN,0.0792071538598178
demersal,reg.27.1-2,2014,SSB_SSBMEAN,0.0741097451621754
demersal,reg.27.1-2,2015,SSB_SSBMEAN,0.0713390568861988
demersal,reg.27.1-2,2016,SSB_SSBMEAN,0.0664417077772273
demersal,reg.27.1-2,2017,SSB_SSBMEAN,0.0603988119824415
crustacean,MEAN,1970,F_FMEAN,0.0514874425917498
crustacean,MEAN,1971,F_FMEAN,0.0454300964044851
crustacean,MEAN,1972,F_FMEAN,0.0575447887790144
crustacean,MEAN,1973,F_FMEAN,0.0575447887790144
crustacean,MEAN,1974,F_FMEAN,0.0666308080599115
crustacean,MEAN,1975,F_FMEAN,0.0666308080599115
crustacean,MEAN,1976,F_FMEAN,0.0757168273408085
crustacean,MEAN,1977,F_FMEAN,0.151433654681617
crustacean,MEAN,1978,F_FMEAN,0.296809963175969
crustacean,MEAN,1979,F_FMEAN,0.266523232239646
crustacean,MEAN,1980,F_FMEAN,0.305895982456866
crustacean,MEAN,1981,F_FMEAN,0.281666597707807
crustacean,MEAN,1982,F_FMEAN,0.354354751954984
crustacean,MEAN,1983,F_FMEAN,0.590591253258306
crustacean,MEAN,1984,F_FMEAN,0.990376101617775
crustacean,MEAN,1985,F_FMEAN,1.40530431544541
crustacean,MEAN,1986,F_FMEAN,0.881343870247011
crustacean,MEAN,1987,F_FMEAN,0.548189829947453
crustacean,MEAN,1988,F_FMEAN,0.493673714262071
crustacean,MEAN,1989,F_FMEAN,0.560304522321983
crustacean,MEAN,1990,F_FMEAN,0.66025073441185
crustacean,MEAN,1991,F_FMEAN,0.617849311100997
crustacean,MEAN,1992,F_FMEAN,0.566361868509247
crustacean,MEAN,1993,F_FMEAN,0.578476560883777
crustacean,MEAN,1994,F_FMEAN,0.311953328644131
crustacean,MEAN,1995,F_FMEAN,0.224121808928793
crustacean,MEAN,1996,F_FMEAN,0.28469527080144
crustacean,MEAN,1997,F_FMEAN,0.263494559146013
crustacean,MEAN,1998,F_FMEAN,0.399784848359469
crustacean,MEAN,1999,F_FMEAN,0.614820638007365
crustacean,MEAN,2000,F_FMEAN,0.732938888659026
crustacean,MEAN,2001,F_FMEAN,0.502759733542968
crustacean,MEAN,2002,F_FMEAN,0.563333195415615
crustacean,MEAN,2003,F_FMEAN,0.411899540733998
crustacean,MEAN,2004,F_FMEAN,0.32406802101866
crustacean,MEAN,2005,F_FMEAN,0.287723943895072
crustacean,MEAN,2006,F_FMEAN,0.218064462741528
crustacean,MEAN,2007,F_FMEAN,0.236236501303322
crustacean,MEAN,2008,F_FMEAN,0.215035789647896
crustacean,MEAN,2009,F_FMEAN,0.196863751086102
crustacean,MEAN,2010,F_FMEAN,0.178691712524308
crustacean,MEAN,2011,F_FMEAN,0.245322520584219
crustacean,MEAN,2012,F_FMEAN,0.23320782820969
crustacean,MEAN,2013,F_FMEAN,0.202921097273367
crustacean,MEAN,2014,F_FMEAN,0.215035789647896
crustacean,MEAN,2015,F_FMEAN,0.366469444329513
crustacean,MEAN,2016,F_FMEAN,0.254408539865116
crustacean,MEAN,2017,F_FMEAN,0.251379866771484
crustacean,MEAN,2018,F_FMEAN,0.369498117423145
crustacean,MEAN,1970,F_FMSY,0.017
crustacean,MEAN,1971,F_FMSY,0.015
crustacean,MEAN,1972,F_FMSY,0.019
crustacean,MEAN,1973,F_FMSY,0.019
crustacean,MEAN,1974,F_FMSY,0.022
crustacean,MEAN,1975,F_FMSY,0.022
crustacean,MEAN,1976,F_FMSY,0.025
crustacean,MEAN,1977,F_FMSY,0.05
crustacean,MEAN,1978,F_FMSY,0.098
crustacean,MEAN,1979,F_FMSY,0.088
crustacean,MEAN,1980,F_FMSY,0.101
crustacean,MEAN,1981,F_FMSY,0.093
crustacean,MEAN,1982,F_FMSY,0.117
crustacean,MEAN,1983,F_FMSY,0.195
crustacean,MEAN,1984,F_FMSY,0.327
crustacean,MEAN,1985,F_FMSY,0.464
crustacean,MEAN,1986,F_FMSY,0.291
crustacean,MEAN,1987,F_FMSY,0.181
crustacean,MEAN,1988,F_FMSY,0.163
crustacean,MEAN,1989,F_FMSY,0.185
crustacean,MEAN,1990,F_FMSY,0.218
crustacean,MEAN,1991,F_FMSY,0.204
crustacean,MEAN,1992,F_FMSY,0.187
crustacean,MEAN,1993,F_FMSY,0.191
crustacean,MEAN,1994,F_FMSY,0.103
crustacean,MEAN,1995,F_FMSY,0.074
crustacean,MEAN,1996,F_FMSY,0.094
crustacean,MEAN,1997,F_FMSY,0.087
crustacean,MEAN,1998,F_FMSY,0.132
crustacean,MEAN,1999,F_FMSY,0.203
crustacean,MEAN,2000,F_FMSY,0.242
crustacean,MEAN,2001,F_FMSY,0.166
crustacean,MEAN,2002,F_FMSY,0.186
crustacean,MEAN,2003,F_FMSY,0.136
crustacean,MEAN,2004,F_FMSY,0.107
crustacean,MEAN,2005,F_FMSY,0.095
crustacean,MEAN,2006,F_FMSY,0.072
crustacean,MEAN,2007,F_FMSY,0.078
crustacean,MEAN,2008,F_FMSY,0.071
crustacean,MEAN,2009,F_FMSY,0.065
crustacean,MEAN,2010,F_FMSY,0.059
crustacean,MEAN,2011,F_FMSY,0.081
crustacean,MEAN,2012,F_FMSY,0.077
crustacean,MEAN,2013,F_FMSY,0.067
crustacean,MEAN,2014,F_FMSY,0.071
crustacean,MEAN,2015,F_FMSY,0.121
crustacean,MEAN,2016,F_FMSY,0.084
crustacean,MEAN,2017,F_FMSY,0.083
crustacean,MEAN,2018,F_FMSY,0.122
crustacean,MEAN,1970,SSB_MSYBtrigger,3.22
crustacean,MEAN,1971,SSB_MSYBtrigger,3.4
crustacean,MEAN,1972,SSB_MSYBtrigger,3.52
crustacean,MEAN,1973,SSB_MSYBtrigger,3.64
crustacean,MEAN,1974,SSB_MSYBtrigger,3.72
crustacean,MEAN,1975,SSB_MSYBtrigger,3.8
crustacean,MEAN,1976,SSB_MSYBtrigger,3.84
crustacean,MEAN,1977,SSB_MSYBtrigger,3.9
crustacean,MEAN,1978,SSB_MSYBtrigger,3.94
crustacean,MEAN,1979,SSB_MSYBtrigger,4.04
crustacean,MEAN,1980,SSB_MSYBtrigger,4.52
crustacean,MEAN,1981,SSB_MSYBtrigger,4.62
crustacean,MEAN,1982,SSB_MSYBtrigger,5.24
crustacean,MEAN,1983,SSB_MSYBtrigger,5.26
crustacean,MEAN,1984,SSB_MSYBtrigger,3.86
crustacean,MEAN,1985,SSB_MSYBtrigger,2.64
crustacean,MEAN,1986,SSB_MSYBtrigger,2.22
crustacean,MEAN,1987,SSB_MSYBtrigger,2.36
crustacean,MEAN,1988,SSB_MSYBtrigger,2.94
crustacean,MEAN,1989,SSB_MSYBtrigger,3.34
crustacean,MEAN,1990,SSB_MSYBtrigger,3.66
crustacean,MEAN,1991,SSB_MSYBtrigger,3.62
crustacean,MEAN,1992,SSB_MSYBtrigger,3.6
crustacean,MEAN,1993,SSB_MSYBtrigger,2.88
crustacean,MEAN,1994,SSB_MSYBtrigger,2.72
crustacean,MEAN,1995,SSB_MSYBtrigger,3.34
crustacean,MEAN,1996,SSB_MSYBtrigger,3.62
crustacean,MEAN,1997,SSB_MSYBtrigger,4.04
crustacean,MEAN,1998,SSB_MSYBtrigger,4.16
crustacean,MEAN,1999,SSB_MSYBtrigger,3.66
crustacean,MEAN,2000,SSB_MSYBtrigger,3.28
crustacean,MEAN,2001,SSB_MSYBtrigger,3.4
crustacean,MEAN,2002,SSB_MSYBtrigger,3.26
crustacean,MEAN,2003,SSB_MSYBtrigger,2.84
crustacean,MEAN,2004,SSB_MSYBtrigger,3.94
crustacean,MEAN,2005,SSB_MSYBtrigger,4.42
crustacean,MEAN,2006,SSB_MSYBtrigger,4.06
crustacean,MEAN,2007,SSB_MSYBtrigger,3.78
crustacean,MEAN,2008,SSB_MSYBtrigger,3.9
crustacean,MEAN,2009,SSB_MSYBtrigger,4.14
crustacean,MEAN,2010,SSB_MSYBtrigger,4.22
crustacean,MEAN,2011,SSB_MSYBtrigger,3.64
crustacean,MEAN,2012,SSB_MSYBtrigger,3.14
crustacean,MEAN,2013,SSB_MSYBtrigger,2.82
crustacean,MEAN,2014,SSB_MSYBtrigger,2.92
crustacean,MEAN,2015,SSB_MSYBtrigger,2.78
crustacean,MEAN,2016,SSB_MSYBtrigger,3.48
crustacean,MEAN,2017,SSB_MSYBtrigger,3.54
crustacean,MEAN,2018,SSB_MSYBtrigger,3.56
demersal,MEAN,1946,F_FMEAN,0.645107368943688
demersal,MEAN,1947,F_FMEAN,0.954032024494187
demersal,MEAN,1948,F_FMEAN,0.951003351400554
demersal,MEAN,1949,F_FMEAN,1.10243700608217
demersal,MEAN,1950,F_FMEAN,1.6763705573255
demersal,MEAN,1951,F_FMEAN,1.68394224005958
demersal,MEAN,1952,F_FMEAN,1.85506226984981
demersal,MEAN,1953,F_FMEAN,1.42196201746038
demersal,MEAN,1954,F_FMEAN,1.36441722868137
demersal,MEAN,1955,F_FMEAN,1.37804625760271
demersal,MEAN,1956,F_FMEAN,1.58853903761016
demersal,MEAN,1957,F_FMEAN,1.41287599817949
demersal,MEAN,1958,F_FMEAN,1.54462327775249
demersal,MEAN,1959,F_FMEAN,1.48707848897348
demersal,MEAN,1960,F_FMEAN,1.3608837767388
demersal,MEAN,1961,F_FMEAN,1.55572841242914
demersal,MEAN,1962,F_FMEAN,1.74653481732798
demersal,MEAN,1963,F_FMEAN,1.86061483718813
demersal,MEAN,1964,F_FMEAN,1.63043568207208
demersal,MEAN,1965,F_FMEAN,1.42246679630932
demersal,MEAN,1966,F_FMEAN,1.35886466134304
demersal,MEAN,1967,F_FMEAN,1.28415739170011
demersal,MEAN,1968,F_FMEAN,1.27507137241921
demersal,MEAN,1969,F_FMEAN,1.37602714220696
demersal,MEAN,1970,F_FMEAN,1.41338077702842
demersal,MEAN,1971,F_FMEAN,1.26093756464893
demersal,MEAN,1972,F_FMEAN,1.64759816293599
demersal,MEAN,1973,F_FMEAN,1.49010716206711
demersal,MEAN,1974,F_FMEAN,1.6920187016426
demersal,MEAN,1975,F_FMEAN,1.70211427862137
demersal,MEAN,1976,F_FMEAN,1.97671397244404
demersal,MEAN,1977,F_FMEAN,2.07161239604452
demersal,MEAN,1978,F_FMEAN,2.16045347345773
demersal,MEAN,1979,F_FMEAN,1.95955149158012
demersal,MEAN,1980,F_FMEAN,1.81114650999214
demersal,MEAN,1981,F_FMEAN,1.7455252596301
demersal,MEAN,1982,F_FMEAN,1.74653481732798
demersal,MEAN,1983,F_FMEAN,1.76268774049402
demersal,MEAN,1984,F_FMEAN,1.90882121726178
demersal,MEAN,1985,F_FMEAN,1.77858827423559
demersal,MEAN,1986,F_FMEAN,1.96333733294716
demersal,MEAN,1987,F_FMEAN,2.12082833381605
demersal,MEAN,1988,F_FMEAN,2.06404071331044
demersal,MEAN,1989,F_FMEAN,1.37728908932931
demersal,MEAN,1990,F_FMEAN,1.15513591791137
demersal,MEAN,1991,F_FMEAN,0.989770366999048
demersal,MEAN,1992,F_FMEAN,0.962613264926145
demersal,MEAN,1993,F_FMEAN,0.987852207373081
demersal,MEAN,1994,F_FMEAN,1.10243700608217
demersal,MEAN,1995,F_FMEAN,1.03328230377757
demersal,MEAN,1996,F_FMEAN,1.10142744838429
demersal,MEAN,1997,F_FMEAN,1.18168728536555
demersal,MEAN,1998,F_FMEAN,1.22106003558277
demersal,MEAN,1999,F_FMEAN,1.23771773759775
demersal,MEAN,2000,F_FMEAN,1.02621539989242
demersal,MEAN,2001,F_FMEAN,0.900525466506682
demersal,MEAN,2002,F_FMEAN,0.867210062476726
demersal,MEAN,2003,F_FMEAN,0.817741735280731
demersal,MEAN,2004,F_FMEAN,0.887401216434275
demersal,MEAN,2005,F_FMEAN,0.896992014564111
demersal,MEAN,2006,F_FMEAN,0.874276966361868
demersal,MEAN,2007,F_FMEAN,0.743539244486739
demersal,MEAN,2008,F_FMEAN,0.666812859448053
demersal,MEAN,2009,F_FMEAN,0.651669493979892
demersal,MEAN,2010,F_FMEAN,0.667317638296992
demersal,MEAN,2011,F_FMEAN,0.665803301750176
demersal,MEAN,2012,F_FMEAN,0.610277628366916
demersal,MEAN,2013,F_FMEAN,0.568380983905002
demersal,MEAN,2014,F_FMEAN,0.55727584922835
demersal,MEAN,2015,F_FMEAN,0.605229839877529
demersal,MEAN,2016,F_FMEAN,0.687508792254541
demersal,MEAN,2017,F_FMEAN,0.846514129670239
demersal,MEAN,2018,F_FMEAN,0.810472919856014
demersal,MEAN,1946,F_FMSY,0.5325
demersal,MEAN,1947,F_FMSY,0.7875
demersal,MEAN,1948,F_FMSY,0.785
demersal,MEAN,1949,F_FMSY,0.91
demersal,MEAN,1950,F_FMSY,1.51446428571429
demersal,MEAN,1951,F_FMSY,1.5125
demersal,MEAN,1952,F_FMSY,1.65714285714286
demersal,MEAN,1953,F_FMSY,1.27089285714286
demersal,MEAN,1954,F_FMSY,1.21285714285714
demersal,MEAN,1955,F_FMSY,1.21035714285714
demersal,MEAN,1956,F_FMSY,1.38910714285714
demersal,MEAN,1957,F_FMSY,1.23910714285714
demersal,MEAN,1958,F_FMSY,1.36303571428571
demersal,MEAN,1959,F_FMSY,1.30785714285714
demersal,MEAN,1960,F_FMSY,1.44
demersal,MEAN,1961,F_FMSY,1.75303571428571
demersal,MEAN,1962,F_FMSY,2.00321428571429
demersal,MEAN,1963,F_FMSY,2.12392857142857
demersal,MEAN,1964,F_FMSY,1.78089285714286
demersal,MEAN,1965,F_FMSY,1.49946428571429
demersal,MEAN,1966,F_FMSY,1.40535714285714
demersal,MEAN,1967,F_FMSY,1.32285714285714
demersal,MEAN,1968,F_FMSY,1.41232142857143
demersal,MEAN,1969,F_FMSY,1.53303571428571
demersal,MEAN,1970,F_FMSY,1.43410714285714
demersal,MEAN,1971,F_FMSY,1.21410714285714
demersal,MEAN,1972,F_FMSY,1.74946428571429
demersal,MEAN,1973,F_FMSY,1.48875
demersal,MEAN,1974,F_FMSY,1.59517857142857
demersal,MEAN,1975,F_FMSY,1.52517857142857
demersal,MEAN,1976,F_FMSY,1.86232142857143
demersal,MEAN,1977,F_FMSY,2.07178571428571
demersal,MEAN,1978,F_FMSY,2.09375
demersal,MEAN,1979,F_FMSY,1.79321428571429
demersal,MEAN,1980,F_FMSY,1.61857142857143
demersal,MEAN,1981,F_FMSY,1.53625
demersal,MEAN,1982,F_FMSY,1.53321428571429
demersal,MEAN,1983,F_FMSY,1.49285714285714
demersal,MEAN,1984,F_FMSY,1.53875
demersal,MEAN,1985,F_FMSY,1.56053571428571
demersal,MEAN,1986,F_FMSY,1.92428571428571
demersal,MEAN,1987,F_FMSY,2.21785714285714
demersal,MEAN,1988,F_FMSY,1.95535714285714
demersal,MEAN,1989,F_FMSY,1.24125
demersal,MEAN,1990,F_FMSY,3.86349206349206
demersal,MEAN,1991,F_FMSY,2.86384920634921
demersal,MEAN,1992,F_FMSY,2.57111111111111
demersal,MEAN,1993,F_FMSY,2.63829365079365
demersal,MEAN,1994,F_FMSY,2.9575
demersal,MEAN,1995,F_FMSY,2.55769841269841
demersal,MEAN,1996,F_FMSY,2.80119047619048
demersal,MEAN,1997,F_FMSY,2.96535714285714
demersal,MEAN,1998,F_FMSY,3.18095238095238
demersal,MEAN,1999,F_FMSY,3.30730158730159
demersal,MEAN,2000,F_FMSY,2.68710317460317
demersal,MEAN,2001,F_FMSY,2.18123015873016
demersal,MEAN,2002,F_FMSY,2.00710317460317
demersal,MEAN,2003,F_FMSY,1.78190476190476
demersal,MEAN,2004,F_FMSY,1.86063492063492
demersal,MEAN,2005,F_FMSY,1.85333333333333
demersal,MEAN,2006,F_FMSY,1.82123015873016
demersal,MEAN,2007,F_FMSY,1.64257936507936
demersal,MEAN,2008,F_FMSY,1.40646825396825
demersal,MEAN,2009,F_FMSY,1.34952380952381
demersal,MEAN,2010,F_FMSY,1.62861111111111
demersal,MEAN,2011,F_FMSY,1.47285714285714
demersal,MEAN,2012,F_FMSY,1.51615079365079
demersal,MEAN,2013,F_FMSY,1.69630952380952
demersal,MEAN,2014,F_FMSY,1.60916666666667
demersal,MEAN,2015,F_FMSY,1.51039682539683
demersal,MEAN,2016,F_FMSY,1.99087301587302
demersal,MEAN,2017,F_FMSY,2.62376984126984
demersal,MEAN,2018,F_FMSY,1.0675
demersal,MEAN,1946,SSB_MSYBtrigger,2.15401956521739
demersal,MEAN,1947,SSB_MSYBtrigger,2.22034565217391
demersal,MEAN,1948,SSB_MSYBtrigger,1.81989347826087
demersal,MEAN,1949,SSB_MSYBtrigger,1.35799130434783
demersal,MEAN,1950,SSB_MSYBtrigger,1.92626820652174
demersal,MEAN,1951,SSB_MSYBtrigger,1.34892581521739
demersal,MEAN,1952,SSB_MSYBtrigger,1.18091385869565
demersal,MEAN,1953,SSB_MSYBtrigger,1.17968070652174
demersal,MEAN,1954,SSB_MSYBtrigger,1.50248206521739
demersal,MEAN,1955,SSB_MSYBtrigger,2.06241548913043
demersal,MEAN,1956,SSB_MSYBtrigger,2.38493260869565
demersal,MEAN,1957,SSB_MSYBtrigger,1.83494782608696
demersal,MEAN,1958,SSB_MSYBtrigger,1.38978722826087
demersal,MEAN,1959,SSB_MSYBtrigger,1.29318070652174
demersal,MEAN,1960,SSB_MSYBtrigger,1.16662635869565
demersal,MEAN,1961,SSB_MSYBtrigger,1.2235214673913
demersal,MEAN,1962,SSB_MSYBtrigger,1.1205625
demersal,MEAN,1963,SSB_MSYBtrigger,0.839606793478261
demersal,MEAN,1964,SSB_MSYBtrigger,0.75005
demersal,MEAN,1965,SSB_MSYBtrigger,0.742247554347826
demersal,MEAN,1966,SSB_MSYBtrigger,0.97101902173913
demersal,MEAN,1967,SSB_MSYBtrigger,1.05489375
demersal,MEAN,1968,SSB_MSYBtrigger,1.25192581521739
demersal,MEAN,1969,SSB_MSYBtrigger,1.17283206521739
demersal,MEAN,1970,SSB_MSYBtrigger,1.18861385869565
demersal,MEAN,1971,SSB_MSYBtrigger,1.11467092391304
demersal,MEAN,1972,SSB_MSYBtrigger,1.16306195652174
demersal,MEAN,1973,SSB_MSYBtrigger,1.13699510869565
demersal,MEAN,1974,SSB_MSYBtrigger,1.20846983695652
demersal,MEAN,1975,SSB_MSYBtrigger,1.32756576086957
demersal,MEAN,1976,SSB_MSYBtrigger,1.32863016304348
demersal,MEAN,1977,SSB_MSYBtrigger,1.11016548913043
demersal,MEAN,1978,SSB_MSYBtrigger,0.74711222826087
demersal,MEAN,1979,SSB_MSYBtrigger,0.567474456521739
demersal,MEAN,1980,SSB_MSYBtrigger,0.501533152173913
demersal,MEAN,1981,SSB_MSYBtrigger,0.612003804347826
demersal,MEAN,1982,SSB_MSYBtrigger,0.762665217391304
demersal,MEAN,1983,SSB_MSYBtrigger,0.674276358695652
demersal,MEAN,1984,SSB_MSYBtrigger,0.578755706521739
demersal,MEAN,1985,SSB_MSYBtrigger,0.515464945652174
demersal,MEAN,1986,SSB_MSYBtrigger,0.515401630434783
demersal,MEAN,1987,SSB_MSYBtrigger,0.569917391304348
demersal,MEAN,1988,SSB_MSYBtrigger,0.677251630434783
demersal,MEAN,1989,SSB_MSYBtrigger,0.775611141304348
demersal,MEAN,1990,SSB_MSYBtrigger,0.910685326086957
demersal,MEAN,1991,SSB_MSYBtrigger,1.39751467391304
demersal,MEAN,1992,SSB_MSYBtrigger,1.71420516304348
demersal,MEAN,1993,SSB_MSYBtrigger,1.6958910326087
demersal,MEAN,1994,SSB_MSYBtrigger,1.67535570652174
demersal,MEAN,1995,SSB_MSYBtrigger,1.87470516304348
demersal,MEAN,1996,SSB_MSYBtrigger,2.16054864130435
demersal,MEAN,1997,SSB_MSYBtrigger,1.96981875
demersal,MEAN,1998,SSB_MSYBtrigger,1.41337336956522
demersal,MEAN,1999,SSB_MSYBtrigger,1.02656548913043
demersal,MEAN,2000,SSB_MSYBtrigger,0.843866576086956
demersal,MEAN,2001,SSB_MSYBtrigger,0.978741032608696
demersal,MEAN,2002,SSB_MSYBtrigger,1.22155407608696
demersal,MEAN,2003,SSB_MSYBtrigger,1.52000108695652
demersal,MEAN,2004,SSB_MSYBtrigger,1.76938858695652
demersal,MEAN,2005,SSB_MSYBtrigger,1.76178152173913
demersal,MEAN,2006,SSB_MSYBtrigger,1.73083233695652
demersal,MEAN,2007,SSB_MSYBtrigger,1.82969130434783
demersal,MEAN,2008,SSB_MSYBtrigger,1.9863777173913
demersal,MEAN,2009,SSB_MSYBtrigger,2.51503152173913
demersal,MEAN,2010,SSB_MSYBtrigger,3.46696820652174
demersal,MEAN,2011,SSB_MSYBtrigger,4.88966086956522
demersal,MEAN,2012,SSB_MSYBtrigger,6.07139157608696
demersal,MEAN,2013,SSB_MSYBtrigger,6.65178532608696
demersal,MEAN,2014,SSB_MSYBtrigger,6.45468451086957
demersal,MEAN,2015,SSB_MSYBtrigger,5.72073994565217
demersal,MEAN,2016,SSB_MSYBtrigger,5.13780054347826
demersal,MEAN,2017,SSB_MSYBtrigger,4.40768804347826
demersal,MEAN,2018,SSB_MSYBtrigger,3.40841331521739
demersal,MEAN,2019,SSB_MSYBtrigger,3.00221929347826
demersal,MEAN,1946,SSB_SSBMEAN,2.7154636078765
demersal,MEAN,1947,SSB_SSBMEAN,2.7990775537717
demersal,MEAN,1948,SSB_SSBMEAN,2.29424773582798
demersal,MEAN,1949,SSB_SSBMEAN,1.71195100839165
demersal,MEAN,1950,SSB_SSBMEAN,1.0584508809135
demersal,MEAN,1951,SSB_SSBMEAN,0.874264513305352
demersal,MEAN,1952,SSB_SSBMEAN,0.824008448414294
demersal,MEAN,1953,SSB_SSBMEAN,0.706948924161016
demersal,MEAN,1954,SSB_SSBMEAN,0.7930115446107
demersal,MEAN,1955,SSB_SSBMEAN,0.827255991052308
demersal,MEAN,1956,SSB_SSBMEAN,0.84452688869346
demersal,MEAN,1957,SSB_SSBMEAN,0.636484100271886
demersal,MEAN,1958,SSB_SSBMEAN,0.535939083982044
demersal,MEAN,1959,SSB_SSBMEAN,0.784970793471516
demersal,MEAN,1960,SSB_SSBMEAN,0.896389368135558
demersal,MEAN,1961,SSB_SSBMEAN,0.900914003490293
demersal,MEAN,1962,SSB_SSBMEAN,0.825592025112746
demersal,MEAN,1963,SSB_SSBMEAN,0.70158065853168
demersal,MEAN,1964,SSB_SSBMEAN,0.693030166522731
demersal,MEAN,1965,SSB_SSBMEAN,0.662913433557879
demersal,MEAN,1966,SSB_SSBMEAN,0.672269645006132
demersal,MEAN,1967,SSB_SSBMEAN,0.704542271255292
demersal,MEAN,1968,SSB_SSBMEAN,0.785782907509545
demersal,MEAN,1969,SSB_SSBMEAN,0.752065101948617
demersal,MEAN,1970,SSB_SSBMEAN,0.864536958374017
demersal,MEAN,1971,SSB_SSBMEAN,0.910004382334422
demersal,MEAN,1972,SSB_SSBMEAN,0.936161031660514
demersal,MEAN,1973,SSB_SSBMEAN,0.901408214620298
demersal,MEAN,1974,SSB_SSBMEAN,0.746460692923521
demersal,MEAN,1975,SSB_SSBMEAN,0.656220115721387
demersal,MEAN,1976,SSB_SSBMEAN,0.578207838308973
demersal,MEAN,1977,SSB_SSBMEAN,0.619893313880804
demersal,MEAN,1978,SSB_SSBMEAN,0.459273783115271
demersal,MEAN,1979,SSB_SSBMEAN,0.363440672571387
demersal,MEAN,1980,SSB_SSBMEAN,0.288187207751604
demersal,MEAN,1981,SSB_SSBMEAN,0.345241644601058
demersal,MEAN,1982,SSB_SSBMEAN,0.469774627735235
demersal,MEAN,1983,SSB_SSBMEAN,0.459639188756679
demersal,MEAN,1984,SSB_SSBMEAN,0.390071435717206
demersal,MEAN,1985,SSB_SSBMEAN,0.318099313557268
demersal,MEAN,1986,SSB_SSBMEAN,0.274005814808557
demersal,MEAN,1987,SSB_SSBMEAN,0.232379717653455
demersal,MEAN,1988,SSB_SSBMEAN,0.314891965539809
demersal,MEAN,1989,SSB_SSBMEAN,0.384418610444623
demersal,MEAN,1990,SSB_SSBMEAN,0.407704998457455
demersal,MEAN,1991,SSB_SSBMEAN,0.669835129920251
demersal,MEAN,1992,SSB_SSBMEAN,0.807429537706559
demersal,MEAN,1993,SSB_SSBMEAN,0.733674007638023
demersal,MEAN,1994,SSB_SSBMEAN,0.662841951079278
demersal,MEAN,1995,SSB_SSBMEAN,0.681704418667288
demersal,MEAN,1996,SSB_SSBMEAN,0.759874277262559
demersal,MEAN,1997,SSB_SSBMEAN,0.736527597318895
demersal,MEAN,1998,SSB_SSBMEAN,0.612030241234755
demersal,MEAN,1999,SSB_SSBMEAN,0.523003039140621
demersal,MEAN,2000,SSB_SSBMEAN,0.516981382548742
demersal,MEAN,2001,SSB_SSBMEAN,0.605682460107919
demersal,MEAN,2002,SSB_SSBMEAN,0.764669541170462
demersal,MEAN,2003,SSB_SSBMEAN,0.840966924232042
demersal,MEAN,2004,SSB_SSBMEAN,0.989350847095027
demersal,MEAN,2005,SSB_SSBMEAN,0.994082393394209
demersal,MEAN,2006,SSB_SSBMEAN,0.935655401604216
demersal,MEAN,2007,SSB_SSBMEAN,0.980029577561233
demersal,MEAN,2008,SSB_SSBMEAN,0.96428310658033
demersal,MEAN,2009,SSB_SSBMEAN,1.17919506430332
demersal,MEAN,2010,SSB_SSBMEAN,1.42567395863051
demersal,MEAN,2011,SSB_SSBMEAN,1.90328676575247
demersal,MEAN,2012,SSB_SSBMEAN,2.21968854172688
demersal,MEAN,2013,SSB_SSBMEAN,2.47387384103136
demersal,MEAN,2014,SSB_SSBMEAN,2.39251810200006
demersal,MEAN,2015,SSB_SSBMEAN,2.07279615901641
demersal,MEAN,2016,SSB_SSBMEAN,1.82528133969584
demersal,MEAN,2017,SSB_SSBMEAN,1.82496480705897
demersal,MEAN,2018,SSB_SSBMEAN,2.10173925473677
demersal,MEAN,2019,SSB_SSBMEAN,2.07482347519065
pelagic,MEAN,1992,F_FMEAN,0.145376308494352
pelagic,MEAN,1993,F_FMEAN,0.1029748851835
pelagic,MEAN,1994,F_FMEAN,0.0908601928089702
pelagic,MEAN,1995,F_FMEAN,0.0666308080599115
pelagic,MEAN,1996,F_FMEAN,0.0484587694981174
pelagic,MEAN,1997,F_FMEAN,0.0454300964044851
pelagic,MEAN,1998,F_FMEAN,0.0636021349662791
pelagic,MEAN,1999,F_FMEAN,0.0484587694981174
pelagic,MEAN,2000,F_FMEAN,0.0393727502172204
pelagic,MEAN,2001,F_FMEAN,0.0666308080599115
pelagic,MEAN,2002,F_FMEAN,0.0242293847490587
pelagic,MEAN,2003,F_FMEAN,0.00908601928089702
pelagic,MEAN,2004,F_FMEAN,0.018172038561794
pelagic,MEAN,2005,F_FMEAN,0.027258057842691
pelagic,MEAN,2006,F_FMEAN,0.121146923745294
pelagic,MEAN,2007,F_FMEAN,0.0726881542471761
pelagic,MEAN,2008,F_FMEAN,0.0454300964044851
pelagic,MEAN,2009,F_FMEAN,0.0363440771235881
pelagic,MEAN,2010,F_FMEAN,0.0424014233108527
pelagic,MEAN,2011,F_FMEAN,0.0454300964044851
pelagic,MEAN,2012,F_FMEAN,0.0424014233108527
pelagic,MEAN,2013,F_FMEAN,0.0363440771235881
pelagic,MEAN,2014,F_FMEAN,0.0726881542471761
pelagic,MEAN,2015,F_FMEAN,0.1029748851835
pelagic,MEAN,2016,F_FMEAN,0.139318962307088
pelagic,MEAN,2017,F_FMEAN,0.118118250651661
pelagic,MEAN,1992,SSB_MSYBtrigger,0.721580952380952
pelagic,MEAN,1993,SSB_MSYBtrigger,0.907219047619048
pelagic,MEAN,1994,SSB_MSYBtrigger,1.15000634920635
pelagic,MEAN,1995,SSB_MSYBtrigger,1.3283873015873
pelagic,MEAN,1996,SSB_MSYBtrigger,1.09731746031746
pelagic,MEAN,1997,SSB_MSYBtrigger,1.3536126984127
pelagic,MEAN,1998,SSB_MSYBtrigger,1.53675238095238
pelagic,MEAN,1999,SSB_MSYBtrigger,1.73570476190476
pelagic,MEAN,2000,SSB_MSYBtrigger,2.0232
pelagic,MEAN,2001,SSB_MSYBtrigger,1.9128126984127
pelagic,MEAN,2002,SSB_MSYBtrigger,2.14072063492064
pelagic,MEAN,2003,SSB_MSYBtrigger,2.36667301587302
pelagic,MEAN,2004,SSB_MSYBtrigger,2.38944444444444
pelagic,MEAN,2005,SSB_MSYBtrigger,2.5622126984127
pelagic,MEAN,2006,SSB_MSYBtrigger,2.52711746031746
pelagic,MEAN,2007,SSB_MSYBtrigger,2.96227301587302
pelagic,MEAN,2008,SSB_MSYBtrigger,2.83209841269841
pelagic,MEAN,2009,SSB_MSYBtrigger,2.90332698412698
pelagic,MEAN,2010,SSB_MSYBtrigger,2.75863492063492
pelagic,MEAN,2011,SSB_MSYBtrigger,2.71697142857143
pelagic,MEAN,2012,SSB_MSYBtrigger,2.71092063492063
pelagic,MEAN,2013,SSB_MSYBtrigger,2.57607301587302
pelagic,MEAN,2014,SSB_MSYBtrigger,2.57318095238095
pelagic,MEAN,2015,SSB_MSYBtrigger,2.53777777777778
pelagic,MEAN,2016,SSB_MSYBtrigger,2.52625714285714
pelagic,MEAN,2017,SSB_MSYBtrigger,2.53157777777778
pelagic,MEAN,2018,SSB_MSYBtrigger,2.58503174603175
pelagic,MEAN,1972,SSB_SSBMEAN,7.47345888089832
pelagic,MEAN,1973,SSB_SSBMEAN,3.69973211925659
pelagic,MEAN,1974,SSB_SSBMEAN,2.48567187567832
pelagic,MEAN,1975,SSB_SSBMEAN,7.99142137759424
pelagic,MEAN,1976,SSB_SSBMEAN,8.76973539379341
pelagic,MEAN,1977,SSB_SSBMEAN,7.33369122305974
pelagic,MEAN,1978,SSB_SSBMEAN,3.84224031940574
pelagic,MEAN,1979,SSB_SSBMEAN,3.36264541505766
pelagic,MEAN,1980,SSB_SSBMEAN,10.723742061223
pelagic,MEAN,1981,SSB_SSBMEAN,4.25058112367924
pelagic,MEAN,1982,SSB_SSBMEAN,4.36020281610166
pelagic,MEAN,1983,SSB_SSBMEAN,3.64218073073482
pelagic,MEAN,1984,SSB_SSBMEAN,3.31057511115701
pelagic,MEAN,1985,SSB_SSBMEAN,0.781054558509725
pelagic,MEAN,1986,SSB_SSBMEAN,0.178135250186429
pelagic,MEAN,1987,SSB_SSBMEAN,0.0465892192795275
pelagic,MEAN,1988,SSB_SSBMEAN,0.548108462112088
pelagic,MEAN,1989,SSB_SSBMEAN,0.479594904348077
pelagic,MEAN,1990,SSB_SSBMEAN,7.17199922673667
pelagic,MEAN,1991,SSB_SSBMEAN,6.16073911413987
pelagic,MEAN,1992,SSB_SSBMEAN,3.36442402701721
pelagic,MEAN,1993,SSB_SSBMEAN,0.843777350371522
pelagic,MEAN,1994,SSB_SSBMEAN,0.625188955138911
pelagic,MEAN,1995,SSB_SSBMEAN,0.735070999080832
pelagic,MEAN,1996,SSB_SSBMEAN,0.813468322687879
pelagic,MEAN,1997,SSB_SSBMEAN,1.01179177780505
pelagic,MEAN,1998,SSB_SSBMEAN,1.94040946675575
pelagic,MEAN,1999,SSB_SSBMEAN,3.10331748810741
pelagic,MEAN,2000,SSB_SSBMEAN,3.74811365320723
pelagic,MEAN,2001,SSB_SSBMEAN,3.59221516332869
pelagic,MEAN,2002,SSB_SSBMEAN,2.69303089879341
pelagic,MEAN,2003,SSB_SSBMEAN,1.40521581028218
pelagic,MEAN,2004,SSB_SSBMEAN,1.43422856145292
pelagic,MEAN,2005,SSB_SSBMEAN,1.34436891963196
pelagic,MEAN,2006,SSB_SSBMEAN,1.68960188584903
pelagic,MEAN,2007,SSB_SSBMEAN,2.43513079438696
pelagic,MEAN,2008,SSB_SSBMEAN,4.60426318183977
pelagic,MEAN,2009,SSB_SSBMEAN,4.43631863823516
pelagic,MEAN,2010,SSB_SSBMEAN,4.00115066528358
pelagic,MEAN,2011,SSB_SSBMEAN,4.07086458057962
pelagic,MEAN,2012,SSB_SSBMEAN,3.90656084743459
pelagic,MEAN,2013,SSB_SSBMEAN,3.12759321189436
pelagic,MEAN,2014,SSB_SSBMEAN,2.30692274401432
pelagic,MEAN,2015,SSB_SSBMEAN,1.60924644476109
pelagic,MEAN,2016,SSB_SSBMEAN,1.33844112661422
pelagic,MEAN,2017,SSB_SSBMEAN,3.45369582251256
pelagic,MEAN,2018,SSB_SSBMEAN,2.56279758765327
pelagic,MEAN,2019,SSB_SSBMEAN,0.826588668999687
