Year,StockKeyLabel,FisheriesGuild,Purpose,F,SSB,fishingPressureDescription,stockSizeDescription,landings,catches,discards,AssessmentYear,Flim,Fpa,Bpa,Blim,FMSY,MSYBtrigger
1988,aru.27.123a4,pelagic,Advice,NA,NA,F,B_index,14096,NA,NA,2019,NA,NA,NA,NA,NA,NA
1989,aru.27.123a4,pelagic,Advice,NA,NA,F,B_index,12176,NA,NA,2019,NA,NA,NA,NA,NA,NA
1990,aru.27.123a4,pelagic,Advice,NA,NA,F,B_index,11441,NA,NA,2019,NA,NA,NA,NA,NA,NA
1991,aru.27.123a4,pelagic,Advice,NA,NA,F,B_index,10295,NA,NA,2019,NA,NA,NA,NA,NA,NA
1992,aru.27.123a4,pelagic,Advice,NA,NA,F,B_index,12668,NA,NA,2019,NA,NA,NA,NA,NA,NA
1993,aru.27.123a4,pelagic,Advice,NA,NA,F,B_index,11188,NA,NA,2019,NA,NA,NA,NA,NA,NA
1994,aru.27.123a4,pelagic,Advice,NA,NA,F,B_index,7953,NA,NA,2019,NA,NA,NA,NA,NA,NA
1995,aru.27.123a4,pelagic,Advice,NA,NA,F,B_index,7857,NA,NA,2019,NA,NA,NA,NA,NA,NA
1996,aru.27.123a4,pelagic,Advice,NA,NA,F,B_index,8263,NA,NA,2019,NA,NA,NA,NA,NA,NA
1997,aru.27.123a4,pelagic,Advice,NA,NA,F,B_index,7165,NA,NA,2019,NA,NA,NA,NA,NA,NA
1998,aru.27.123a4,pelagic,Advice,NA,NA,F,B_index,10277,NA,NA,2019,NA,NA,NA,NA,NA,NA
1999,aru.27.123a4,pelagic,Advice,NA,NA,F,B_index,8596,NA,NA,2019,NA,NA,NA,NA,NA,NA
2000,aru.27.123a4,pelagic,Advice,NA,NA,F,B_index,7654,NA,NA,2019,NA,NA,NA,NA,NA,NA
2001,aru.27.123a4,pelagic,Advice,NA,NA,F,B_index,16549,NA,NA,2019,NA,NA,NA,NA,NA,NA
2002,aru.27.123a4,pelagic,Advice,NA,NA,F,B_index,8672,NA,NA,2019,NA,NA,NA,NA,NA,NA
2003,aru.27.123a4,pelagic,Advice,NA,NA,F,B_index,9969,NA,NA,2019,NA,NA,NA,NA,NA,NA
2004,aru.27.123a4,pelagic,Advice,NA,NA,F,B_index,16817,NA,NA,2019,NA,NA,NA,NA,NA,NA
2005,aru.27.123a4,pelagic,Advice,NA,NA,F,B_index,17595,NA,NA,2019,NA,NA,NA,NA,NA,NA
2006,aru.27.123a4,pelagic,Advice,NA,NA,F,B_index,25496,NA,NA,2019,NA,NA,NA,NA,NA,NA
2007,aru.27.123a4,pelagic,Advice,NA,NA,F,B_index,16374,NA,NA,2019,NA,NA,NA,NA,NA,NA
2008,aru.27.123a4,pelagic,Advice,NA,NA,F,B_index,13424,NA,NA,2019,NA,NA,NA,NA,NA,NA
2009,aru.27.123a4,pelagic,Advice,NA,216783,F,B_index,13495,NA,NA,2019,NA,NA,NA,NA,NA,NA
2010,aru.27.123a4,pelagic,Advice,NA,NA,F,B_index,12898,NA,NA,2019,NA,NA,NA,NA,NA,NA
2011,aru.27.123a4,pelagic,Advice,NA,NA,F,B_index,12064,NA,NA,2019,NA,NA,NA,NA,NA,NA
2012,aru.27.123a4,pelagic,Advice,NA,177897,F,B_index,12485,NA,NA,2019,NA,NA,NA,NA,NA,NA
2013,aru.27.123a4,pelagic,Advice,NA,NA,F,B_index,13229,NA,NA,2019,NA,NA,NA,NA,NA,NA
2014,aru.27.123a4,pelagic,Advice,NA,328143,F,B_index,15062,NA,NA,2019,NA,NA,NA,NA,NA,NA
2015,aru.27.123a4,pelagic,Advice,NA,NA,F,B_index,15236,NA,NA,2019,NA,NA,NA,NA,NA,NA
2016,aru.27.123a4,pelagic,Advice,NA,571561,F,B_index,18893,NA,NA,2019,NA,NA,NA,NA,NA,NA
2017,aru.27.123a4,pelagic,Advice,NA,NA,F,B_index,17835,NA,NA,2019,NA,NA,NA,NA,NA,NA
2018,aru.27.123a4,pelagic,Advice,NA,301611,F,B_index,23859,NA,NA,2019,NA,NA,NA,NA,NA,NA
1972,cap.27.1-2,pelagic,Advice,NA,2727000,F,SSB,1591000,1591000,NA,2019,NA,NA,NA,2e+05,NA,NA
1973,cap.27.1-2,pelagic,Advice,NA,1350000,F,SSB,1337000,1337000,NA,2019,NA,NA,NA,2e+05,NA,NA
1974,cap.27.1-2,pelagic,Advice,NA,907000,F,SSB,1148000,1148000,NA,2019,NA,NA,NA,2e+05,NA,NA
1975,cap.27.1-2,pelagic,Advice,NA,2916000,F,SSB,1441000,1441000,NA,2019,NA,NA,NA,2e+05,NA,NA
1976,cap.27.1-2,pelagic,Advice,NA,3200000,F,SSB,2587000,2587000,NA,2019,NA,NA,NA,2e+05,NA,NA
1977,cap.27.1-2,pelagic,Advice,NA,2676000,F,SSB,2986000,2986000,NA,2019,NA,NA,NA,2e+05,NA,NA
1978,cap.27.1-2,pelagic,Advice,NA,1402000,F,SSB,1916000,1916000,NA,2019,NA,NA,NA,2e+05,NA,NA
1979,cap.27.1-2,pelagic,Advice,NA,1227000,F,SSB,1782000,1782000,NA,2019,NA,NA,NA,2e+05,NA,NA
1980,cap.27.1-2,pelagic,Advice,NA,3913000,F,SSB,1648000,1648000,NA,2019,NA,NA,NA,2e+05,NA,NA
1981,cap.27.1-2,pelagic,Advice,NA,1551000,F,SSB,1986000,1986000,NA,2019,NA,NA,NA,2e+05,NA,NA
1982,cap.27.1-2,pelagic,Advice,NA,1591000,F,SSB,1760000,1760000,NA,2019,NA,NA,NA,2e+05,NA,NA
1983,cap.27.1-2,pelagic,Advice,NA,1329000,F,SSB,2357000,2357000,NA,2019,NA,NA,NA,2e+05,NA,NA
1984,cap.27.1-2,pelagic,Advice,NA,1208000,F,SSB,1477000,1477000,NA,2019,NA,NA,NA,2e+05,NA,NA
1985,cap.27.1-2,pelagic,Advice,NA,285000,F,SSB,868000,868000,NA,2019,NA,NA,NA,2e+05,NA,NA
1986,cap.27.1-2,pelagic,Advice,NA,65000,F,SSB,123000,123000,NA,2019,NA,NA,NA,2e+05,NA,NA
1987,cap.27.1-2,pelagic,Advice,NA,17000,F,SSB,0,0,NA,2019,NA,NA,NA,2e+05,NA,NA
1988,cap.27.1-2,pelagic,Advice,NA,2e+05,F,SSB,0,0,NA,2019,NA,NA,NA,2e+05,NA,NA
1989,cap.27.1-2,pelagic,Advice,NA,175000,F,SSB,0,0,NA,2019,NA,NA,NA,2e+05,NA,NA
1990,cap.27.1-2,pelagic,Advice,NA,2617000,F,SSB,0,0,NA,2019,NA,NA,NA,2e+05,NA,NA
1991,cap.27.1-2,pelagic,Advice,NA,2248000,F,SSB,933000,933000,NA,2019,NA,NA,NA,2e+05,NA,NA
1992,cap.27.1-2,pelagic,Advice,NA,2228000,F,SSB,1123000,1123000,NA,2019,NA,NA,NA,2e+05,NA,NA
1993,cap.27.1-2,pelagic,Advice,NA,330000,F,SSB,586000,586000,NA,2019,NA,NA,NA,2e+05,NA,NA
1994,cap.27.1-2,pelagic,Advice,NA,94000,F,SSB,0,0,NA,2019,NA,NA,NA,2e+05,NA,NA
1995,cap.27.1-2,pelagic,Advice,NA,118000,F,SSB,0,0,NA,2019,NA,NA,NA,2e+05,NA,NA
1996,cap.27.1-2,pelagic,Advice,NA,248000,F,SSB,0,0,NA,2019,NA,NA,NA,2e+05,NA,NA
1997,cap.27.1-2,pelagic,Advice,NA,312000,F,SSB,1000,1000,NA,2019,NA,NA,NA,2e+05,NA,NA
1998,cap.27.1-2,pelagic,Advice,NA,932000,F,SSB,3000,3000,NA,2019,NA,NA,NA,2e+05,NA,NA
1999,cap.27.1-2,pelagic,Advice,NA,1718000,F,SSB,105000,105000,NA,2019,NA,NA,NA,2e+05,NA,NA
2000,cap.27.1-2,pelagic,Advice,NA,2098000,F,SSB,410000,410000,NA,2019,NA,NA,NA,2e+05,NA,NA
2001,cap.27.1-2,pelagic,Advice,NA,2019000,F,SSB,578000,578000,NA,2019,NA,NA,NA,2e+05,NA,NA
2002,cap.27.1-2,pelagic,Advice,NA,1291000,F,SSB,659000,659000,NA,2019,NA,NA,NA,2e+05,NA,NA
2003,cap.27.1-2,pelagic,Advice,NA,280000,F,SSB,282000,282000,NA,2019,NA,NA,NA,2e+05,NA,NA
2004,cap.27.1-2,pelagic,Advice,NA,294000,F,SSB,0,0,NA,2019,NA,NA,NA,2e+05,NA,NA
2005,cap.27.1-2,pelagic,Advice,NA,174000,F,SSB,1000,1000,NA,2019,NA,NA,NA,2e+05,NA,NA
2006,cap.27.1-2,pelagic,Advice,NA,437000,F,SSB,0,0,NA,2019,NA,NA,NA,2e+05,NA,NA
2007,cap.27.1-2,pelagic,Advice,NA,844000,F,SSB,4000,4000,NA,2019,NA,NA,NA,2e+05,NA,NA
2008,cap.27.1-2,pelagic,Advice,NA,2468000,F,SSB,12000,12000,NA,2019,NA,NA,NA,2e+05,NA,NA
2009,cap.27.1-2,pelagic,Advice,NA,2323000,F,SSB,307000,307000,NA,2019,NA,NA,NA,2e+05,NA,NA
2010,cap.27.1-2,pelagic,Advice,NA,2051000,F,SSB,323000,323000,NA,2019,NA,NA,NA,2e+05,NA,NA
2011,cap.27.1-2,pelagic,Advice,NA,2115000,F,SSB,360000,360000,NA,2019,NA,NA,NA,2e+05,NA,NA
2012,cap.27.1-2,pelagic,Advice,NA,1997000,F,SSB,296000,296000,NA,2019,NA,NA,NA,2e+05,NA,NA
2013,cap.27.1-2,pelagic,Advice,NA,1471000,F,SSB,177000,177000,NA,2019,NA,NA,NA,2e+05,NA,NA
2014,cap.27.1-2,pelagic,Advice,NA,873000,F,SSB,66000,66000,NA,2019,NA,NA,NA,2e+05,NA,NA
2015,cap.27.1-2,pelagic,Advice,NA,375000,F,SSB,115000,115000,NA,2019,NA,NA,NA,2e+05,NA,NA
2016,cap.27.1-2,pelagic,Advice,NA,181000,F,SSB,0,0,NA,2019,NA,NA,NA,2e+05,NA,NA
2017,cap.27.1-2,pelagic,Advice,NA,1723000,F,SSB,0,0,NA,2019,NA,NA,NA,2e+05,NA,NA
2018,cap.27.1-2,pelagic,Advice,NA,1056000,F,SSB,195000,195000,NA,2019,NA,NA,NA,2e+05,NA,NA
2019,cap.27.1-2,pelagic,Advice,NA,301615,F,SSB,0,0,NA,2019,NA,NA,NA,2e+05,NA,NA
2020,cap.27.1-2,pelagic,Advice,NA,NA,F,SSB,NA,NA,NA,2019,NA,NA,NA,2e+05,NA,NA
1946,cod.27.1-2,demersal,Advice,0.213,990849,F,SSB,706000,706000,NA,2019,0.74,0.4,460000,220000,0.4,460000
1947,cod.27.1-2,demersal,Advice,0.315,1021359,F,SSB,882017,882017,NA,2019,0.74,0.4,460000,220000,0.4,460000
1948,cod.27.1-2,demersal,Advice,0.314,837151,F,SSB,774295,774295,NA,2019,0.74,0.4,460000,220000,0.4,460000
1949,cod.27.1-2,demersal,Advice,0.364,624676,F,SSB,800122,800122,NA,2019,0.74,0.4,460000,220000,0.4,460000
1950,cod.27.1-2,demersal,Advice,0.375,561970,F,SSB,731982,731982,NA,2019,0.74,0.4,460000,220000,0.4,460000
1951,cod.27.1-2,demersal,Advice,0.426,511078,F,SSB,827180,827180,NA,2019,0.74,0.4,460000,220000,0.4,460000
1952,cod.27.1-2,demersal,Advice,0.52,499222,F,SSB,876795,876795,NA,2019,0.74,0.4,460000,220000,0.4,460000
1953,cod.27.1-2,demersal,Advice,0.395,396048,F,SSB,695546,695546,NA,2019,0.74,0.4,460000,220000,0.4,460000
1954,cod.27.1-2,demersal,Advice,0.416,409556,F,SSB,826021,826021,NA,2019,0.74,0.4,460000,220000,0.4,460000
1955,cod.27.1-2,demersal,Advice,0.502,331358,F,SSB,1147841,1147841,NA,2019,0.74,0.4,460000,220000,0.4,460000
1956,cod.27.1-2,demersal,Advice,0.613,284149,F,SSB,1343068,1343068,NA,2019,0.74,0.4,460000,220000,0.4,460000
1957,cod.27.1-2,demersal,Advice,0.525,206883,F,SSB,792557,792557,NA,2019,0.74,0.4,460000,220000,0.4,460000
1958,cod.27.1-2,demersal,Advice,0.527,204280,F,SSB,769313,769313,NA,2019,0.74,0.4,460000,220000,0.4,460000
1959,cod.27.1-2,demersal,Advice,0.532,442991,F,SSB,744607,744607,NA,2019,0.74,0.4,460000,220000,0.4,460000
1960,cod.27.1-2,demersal,Advice,0.512,402990,F,SSB,622042,622042,NA,2019,0.74,0.4,460000,220000,0.4,460000
1961,cod.27.1-2,demersal,Advice,0.647,406033,F,SSB,783221,783221,NA,2019,0.74,0.4,460000,220000,0.4,460000
1962,cod.27.1-2,demersal,Advice,0.758,320206,F,SSB,909266,909266,NA,2019,0.74,0.4,460000,220000,0.4,460000
1963,cod.27.1-2,demersal,Advice,0.874,214441,F,SSB,776337,776337,NA,2019,0.74,0.4,460000,220000,0.4,460000
1964,cod.27.1-2,demersal,Advice,0.675,192096,F,SSB,437695,437695,NA,2019,0.74,0.4,460000,220000,0.4,460000
1965,cod.27.1-2,demersal,Advice,0.555,106528,F,SSB,444930,444930,NA,2019,0.74,0.4,460000,220000,0.4,460000
1966,cod.27.1-2,demersal,Advice,0.506,121929,F,SSB,483711,483711,NA,2019,0.74,0.4,460000,220000,0.4,460000
1967,cod.27.1-2,demersal,Advice,0.536,133538,F,SSB,572605,572605,NA,2019,0.74,0.4,460000,220000,0.4,460000
1968,cod.27.1-2,demersal,Advice,0.579,228937,F,SSB,1074084,1074084,NA,2019,0.74,0.4,460000,220000,0.4,460000
1969,cod.27.1-2,demersal,Advice,0.759,151312,F,SSB,1197226,1197226,NA,2019,0.74,0.4,460000,220000,0.4,460000
1970,cod.27.1-2,demersal,Advice,0.697,230628,F,SSB,933246,933246,NA,2019,0.74,0.4,460000,220000,0.4,460000
1971,cod.27.1-2,demersal,Advice,0.585,319334,F,SSB,689048,689048,NA,2019,0.74,0.4,460000,220000,0.4,460000
1972,cod.27.1-2,demersal,Advice,0.691,365182,F,SSB,565254,565254,NA,2019,0.74,0.4,460000,220000,0.4,460000
1973,cod.27.1-2,demersal,Advice,0.607,324238,F,SSB,792685,792685,NA,2019,0.74,0.4,460000,220000,0.4,460000
1974,cod.27.1-2,demersal,Advice,0.635,159552,F,SSB,1102433,1102433,NA,2019,0.74,0.4,460000,220000,0.4,460000
1975,cod.27.1-2,demersal,Advice,0.635,130574,F,SSB,829377,829377,NA,2019,0.74,0.4,460000,220000,0.4,460000
1976,cod.27.1-2,demersal,Advice,0.659,167876,F,SSB,867463,867463,NA,2019,0.74,0.4,460000,220000,0.4,460000
1977,cod.27.1-2,demersal,Advice,0.806,352518,F,SSB,905301,905301,NA,2019,0.74,0.4,460000,220000,0.4,460000
1978,cod.27.1-2,demersal,Advice,0.971,234824,F,SSB,698715,698715,NA,2019,0.74,0.4,460000,220000,0.4,460000
1979,cod.27.1-2,demersal,Advice,0.782,165128,F,SSB,440538,440538,NA,2019,0.74,0.4,460000,220000,0.4,460000
1980,cod.27.1-2,demersal,Advice,0.776,102622,F,SSB,380434,380434,NA,2019,0.74,0.4,460000,220000,0.4,460000
1981,cod.27.1-2,demersal,Advice,0.765,151677,F,SSB,399038,399038,NA,2019,0.74,0.4,460000,220000,0.4,460000
1982,cod.27.1-2,demersal,Advice,0.814,310238,F,SSB,363730,363730,NA,2019,0.74,0.4,460000,220000,0.4,460000
1983,cod.27.1-2,demersal,Advice,0.776,281458,F,SSB,289992,289992,NA,2019,0.74,0.4,460000,220000,0.4,460000
1984,cod.27.1-2,demersal,Advice,0.887,227619,F,SSB,277651,277651,NA,2019,0.74,0.4,460000,220000,0.4,460000
1985,cod.27.1-2,demersal,Advice,0.789,187504,F,SSB,307920,307920,NA,2019,0.74,0.4,460000,220000,0.4,460000
1986,cod.27.1-2,demersal,Advice,0.904,162209,F,SSB,430113,430113,NA,2019,0.74,0.4,460000,220000,0.4,460000
1987,cod.27.1-2,demersal,Advice,1.02,110255,F,SSB,523071,523071,NA,2019,0.74,0.4,460000,220000,0.4,460000
1988,cod.27.1-2,demersal,Advice,0.954,179367,F,SSB,434939,434939,NA,2019,0.74,0.4,460000,220000,0.4,460000
1989,cod.27.1-2,demersal,Advice,0.649,234248,F,SSB,332481,332481,NA,2019,0.74,0.4,460000,220000,0.4,460000
1990,cod.27.1-2,demersal,Advice,0.368,331888,F,SSB,212000,212000,NA,2019,0.74,0.4,460000,220000,0.4,460000
1991,cod.27.1-2,demersal,Advice,0.317,706539,F,SSB,319158,319158,NA,2019,0.74,0.4,460000,220000,0.4,460000
1992,cod.27.1-2,demersal,Advice,0.448,908683,F,SSB,513234,513234,NA,2019,0.74,0.4,460000,220000,0.4,460000
1993,cod.27.1-2,demersal,Advice,0.577,775845,F,SSB,581611,581611,NA,2019,0.74,0.4,460000,220000,0.4,460000
1994,cod.27.1-2,demersal,Advice,0.797,591364,F,SSB,771086,771086,NA,2019,0.74,0.4,460000,220000,0.4,460000
1995,cod.27.1-2,demersal,Advice,0.782,523318,F,SSB,739999,739999,NA,2019,0.74,0.4,460000,220000,0.4,460000
1996,cod.27.1-2,demersal,Advice,0.766,546404,F,SSB,732228,732228,NA,2019,0.74,0.4,460000,220000,0.4,460000
1997,cod.27.1-2,demersal,Advice,0.947,544203,F,SSB,762403,762403,NA,2019,0.74,0.4,460000,220000,0.4,460000
1998,cod.27.1-2,demersal,Advice,0.96,377854,F,SSB,592624,592624,NA,2019,0.74,0.4,460000,220000,0.4,460000
1999,cod.27.1-2,demersal,Advice,0.96,283058,F,SSB,484910,484910,NA,2019,0.74,0.4,460000,220000,0.4,460000
2000,cod.27.1-2,demersal,Advice,0.823,239037,F,SSB,414868,414868,NA,2019,0.74,0.4,460000,220000,0.4,460000
2001,cod.27.1-2,demersal,Advice,0.707,363501,F,SSB,426471,426471,NA,2019,0.74,0.4,460000,220000,0.4,460000
2002,cod.27.1-2,demersal,Advice,0.655,505998,F,SSB,535045,535045,NA,2019,0.74,0.4,460000,220000,0.4,460000
2003,cod.27.1-2,demersal,Advice,0.576,595218,F,SSB,551990,551990,NA,2019,0.74,0.4,460000,220000,0.4,460000
2004,cod.27.1-2,demersal,Advice,0.72,709114,F,SSB,606445,606445,NA,2019,0.74,0.4,460000,220000,0.4,460000
2005,cod.27.1-2,demersal,Advice,0.72,615647,F,SSB,641276,641276,NA,2019,0.74,0.4,460000,220000,0.4,460000
2006,cod.27.1-2,demersal,Advice,0.659,602187,F,SSB,537642,537642,NA,2019,0.74,0.4,460000,220000,0.4,460000
2007,cod.27.1-2,demersal,Advice,0.453,653169,F,SSB,486883,486883,NA,2019,0.74,0.4,460000,220000,0.4,460000
2008,cod.27.1-2,demersal,Advice,0.319,688680,F,SSB,464171,464171,NA,2019,0.74,0.4,460000,220000,0.4,460000
2009,cod.27.1-2,demersal,Advice,0.272,1099774,F,SSB,523430,523430,NA,2019,0.74,0.4,460000,220000,0.4,460000
2010,cod.27.1-2,demersal,Advice,0.277,1398250,F,SSB,609983,609983,NA,2019,0.74,0.4,460000,220000,0.4,460000
2011,cod.27.1-2,demersal,Advice,0.268,2012786,F,SSB,719830,719830,NA,2019,0.74,0.4,460000,220000,0.4,460000
2012,cod.27.1-2,demersal,Advice,0.243,2334475,F,SSB,727663,727663,NA,2019,0.74,0.4,460000,220000,0.4,460000
2013,cod.27.1-2,demersal,Advice,0.271,2645872,F,SSB,966209,966209,NA,2019,0.74,0.4,460000,220000,0.4,460000
2014,cod.27.1-2,demersal,Advice,0.299,2507946,F,SSB,986449,986449,NA,2019,0.74,0.4,460000,220000,0.4,460000
2015,cod.27.1-2,demersal,Advice,0.318,2071319,F,SSB,864384,864384,NA,2019,0.74,0.4,460000,220000,0.4,460000
2016,cod.27.1-2,demersal,Advice,0.33,1700333,F,SSB,849422,849422,NA,2019,0.74,0.4,460000,220000,0.4,460000
2017,cod.27.1-2,demersal,Advice,0.387,1821497,F,SSB,868276,868276,NA,2019,0.74,0.4,460000,220000,0.4,460000
2018,cod.27.1-2,demersal,Advice,0.422,1525907,F,SSB,778627,778627,NA,2019,0.74,0.4,460000,220000,0.4,460000
2019,cod.27.1-2,demersal,Advice,NA,1495633,F,SSB,NA,NA,NA,2019,0.74,0.4,460000,220000,0.4,460000
1984,cod.27.1-2coast,demersal,Advice,0.618,NA,F,B_index,63818,NA,NA,2019,NA,NA,NA,NA,NA,NA
1985,cod.27.1-2coast,demersal,Advice,0.523,NA,F,B_index,62954,NA,NA,2019,NA,NA,NA,NA,NA,NA
1986,cod.27.1-2coast,demersal,Advice,0.589,NA,F,B_index,56107,NA,NA,2019,NA,NA,NA,NA,NA,NA
1987,cod.27.1-2coast,demersal,Advice,0.506,NA,F,B_index,48274,NA,NA,2019,NA,NA,NA,NA,NA,NA
1988,cod.27.1-2coast,demersal,Advice,0.633,NA,F,B_index,55065,NA,NA,2019,NA,NA,NA,NA,NA,NA
1989,cod.27.1-2coast,demersal,Advice,0.382,NA,F,B_index,41242,NA,NA,2019,NA,NA,NA,NA,NA,NA
1990,cod.27.1-2coast,demersal,Advice,0.235,NA,F,B_index,20920,NA,NA,2019,NA,NA,NA,NA,NA,NA
1991,cod.27.1-2coast,demersal,Advice,0.192,NA,F,B_index,24837,NA,NA,2019,NA,NA,NA,NA,NA,NA
1992,cod.27.1-2coast,demersal,Advice,0.246,NA,F,B_index,38195,NA,NA,2019,NA,NA,NA,NA,NA,NA
1993,cod.27.1-2coast,demersal,Advice,0.232,NA,F,B_index,50420,NA,NA,2019,NA,NA,NA,NA,NA,NA
1994,cod.27.1-2coast,demersal,Advice,0.235,NA,F,B_index,51664,NA,NA,2019,NA,NA,NA,NA,NA,NA
1995,cod.27.1-2coast,demersal,Advice,0.292,74992,F,B_index,64964,NA,NA,2019,NA,NA,NA,NA,NA,NA
1996,cod.27.1-2coast,demersal,Advice,0.357,56237,F,B_index,41672,NA,NA,2019,NA,NA,NA,NA,NA,NA
1997,cod.27.1-2coast,demersal,Advice,0.384,73660,F,B_index,51123,NA,NA,2019,NA,NA,NA,NA,NA,NA
1998,cod.27.1-2coast,demersal,Advice,0.418,32691,F,B_index,30472,NA,NA,2019,NA,NA,NA,NA,NA,NA
1999,cod.27.1-2coast,demersal,Advice,0.412,23771,F,B_index,35805,NA,NA,2019,NA,NA,NA,NA,NA,NA
2000,cod.27.1-2coast,demersal,Advice,0.331,28579,F,B_index,34815,NA,NA,2019,NA,NA,NA,NA,NA,NA
2001,cod.27.1-2coast,demersal,Advice,0.291,23230,F,B_index,27253,NA,NA,2019,NA,NA,NA,NA,NA,NA
2002,cod.27.1-2coast,demersal,Advice,0.331,26885,F,B_index,36405,NA,NA,2019,NA,NA,NA,NA,NA,NA
2003,cod.27.1-2coast,demersal,Advice,0.287,15521,F,B_index,35381,NA,NA,2019,NA,NA,NA,NA,NA,NA
2004,cod.27.1-2coast,demersal,Advice,0.275,13959,F,B_index,33650,NA,NA,2019,NA,NA,NA,NA,NA,NA
2005,cod.27.1-2coast,demersal,Advice,0.248,12709,F,B_index,29255,NA,NA,2019,NA,NA,NA,NA,NA,NA
2006,cod.27.1-2coast,demersal,Advice,0.264,21546,F,B_index,39343,NA,NA,2019,NA,NA,NA,NA,NA,NA
2007,cod.27.1-2coast,demersal,Advice,0.232,24689,F,B_index,29227,NA,NA,2019,NA,NA,NA,NA,NA,NA
2008,cod.27.1-2coast,demersal,Advice,0.224,15493,F,B_index,35552,NA,NA,2019,NA,NA,NA,NA,NA,NA
2009,cod.27.1-2coast,demersal,Advice,0.261,13508,F,B_index,29987,NA,NA,2019,NA,NA,NA,NA,NA,NA
2010,cod.27.1-2coast,demersal,Advice,0.222,12901,F,B_index,40397,NA,NA,2019,NA,NA,NA,NA,NA,NA
2011,cod.27.1-2coast,demersal,Advice,0.262,16725,F,B_index,36714,NA,NA,2019,NA,NA,NA,NA,NA,NA
2012,cod.27.1-2coast,demersal,Advice,0.207,14143,F,B_index,35540,NA,NA,2019,NA,NA,NA,NA,NA,NA
2013,cod.27.1-2coast,demersal,Advice,0.167,22856,F,B_index,30144,NA,NA,2019,NA,NA,NA,NA,NA,NA
2014,cod.27.1-2coast,demersal,Advice,0.158,37659,F,B_index,33660,NA,NA,2019,NA,NA,NA,NA,NA,NA
2015,cod.27.1-2coast,demersal,Advice,0.235,16763,F,B_index,35843,NA,NA,2019,NA,NA,NA,NA,NA,NA
2016,cod.27.1-2coast,demersal,Advice,0.272,20597,F,B_index,54767,NA,NA,2019,NA,NA,NA,NA,NA,NA
2017,cod.27.1-2coast,demersal,Advice,0.347,14078,F,B_index,51053,NA,NA,2019,NA,NA,NA,NA,NA,NA
2018,cod.27.1-2coast,demersal,Advice,0.268,18423,F,B_index,36375,NA,NA,2019,NA,NA,NA,NA,NA,NA
2005,gfb.27.nea,demersal,Advice,NA,1,NA,Biomass Index,2960,2960,NA,2018,NA,NA,NA,NA,NA,NA
2006,gfb.27.nea,demersal,Advice,NA,1,NA,Biomass Index,2686,2686,NA,2018,NA,NA,NA,NA,NA,NA
2007,gfb.27.nea,demersal,Advice,NA,1,NA,Biomass Index,2949,2949,NA,2018,NA,NA,NA,NA,NA,NA
2008,gfb.27.nea,demersal,Advice,NA,1,NA,Biomass Index,2038,2038,NA,2018,NA,NA,NA,NA,NA,NA
2009,gfb.27.nea,demersal,Advice,NA,1,NA,Biomass Index,1311,1311,NA,2018,NA,NA,NA,NA,NA,NA
2010,gfb.27.nea,demersal,Advice,NA,1,NA,Biomass Index,1288,1288,NA,2018,NA,NA,NA,NA,NA,NA
2011,gfb.27.nea,demersal,Advice,NA,1,NA,Biomass Index,2201,2201,NA,2018,NA,NA,NA,NA,NA,NA
2012,gfb.27.nea,demersal,Advice,NA,1,NA,Biomass Index,2641,2641,NA,2018,NA,NA,NA,NA,NA,NA
2013,gfb.27.nea,demersal,Advice,NA,2,NA,Biomass Index,2143,3328,1185,2018,NA,NA,NA,NA,NA,NA
2014,gfb.27.nea,demersal,Advice,NA,1,NA,Biomass Index,2269,3435,1166,2018,NA,NA,NA,NA,NA,NA
2015,gfb.27.nea,demersal,Advice,NA,1,NA,Biomass Index,2174,4242,2068,2018,NA,NA,NA,NA,NA,NA
2016,gfb.27.nea,demersal,Advice,NA,1,NA,Biomass Index,2012,2689,677,2018,NA,NA,NA,NA,NA,NA
2017,gfb.27.nea,demersal,Advice,NA,1,NA,Biomass Index,1503,2016,513,2018,NA,NA,NA,NA,NA,NA
1935,ghl.27.1-2,demersal,Advice,NA,NA,Frel,Other,1534,1534,NA,2019,NA,NA,5e+05,NA,NA,NA
1936,ghl.27.1-2,demersal,Advice,NA,NA,Frel,Other,830,830,NA,2019,NA,NA,5e+05,NA,NA,NA
1937,ghl.27.1-2,demersal,Advice,NA,NA,Frel,Other,616,616,NA,2019,NA,NA,5e+05,NA,NA,NA
1938,ghl.27.1-2,demersal,Advice,NA,NA,Frel,Other,329,329,NA,2019,NA,NA,5e+05,NA,NA,NA
1939,ghl.27.1-2,demersal,Advice,NA,NA,Frel,Other,459,459,NA,2019,NA,NA,5e+05,NA,NA,NA
1940,ghl.27.1-2,demersal,Advice,NA,NA,Frel,Other,846,846,NA,2019,NA,NA,5e+05,NA,NA,NA
1941,ghl.27.1-2,demersal,Advice,NA,NA,Frel,Other,1663,1663,NA,2019,NA,NA,5e+05,NA,NA,NA
1942,ghl.27.1-2,demersal,Advice,NA,NA,Frel,Other,955,955,NA,2019,NA,NA,5e+05,NA,NA,NA
1943,ghl.27.1-2,demersal,Advice,NA,NA,Frel,Other,824,824,NA,2019,NA,NA,5e+05,NA,NA,NA
1944,ghl.27.1-2,demersal,Advice,NA,NA,Frel,Other,678,678,NA,2019,NA,NA,5e+05,NA,NA,NA
1945,ghl.27.1-2,demersal,Advice,NA,NA,Frel,Other,1148,1148,NA,2019,NA,NA,5e+05,NA,NA,NA
1946,ghl.27.1-2,demersal,Advice,NA,NA,Frel,Other,1362,1362,NA,2019,NA,NA,5e+05,NA,NA,NA
1947,ghl.27.1-2,demersal,Advice,NA,NA,Frel,Other,1437,1437,NA,2019,NA,NA,5e+05,NA,NA,NA
1948,ghl.27.1-2,demersal,Advice,NA,NA,Frel,Other,1987,1987,NA,2019,NA,NA,5e+05,NA,NA,NA
1949,ghl.27.1-2,demersal,Advice,NA,NA,Frel,Other,375,375,NA,2019,NA,NA,5e+05,NA,NA,NA
1950,ghl.27.1-2,demersal,Advice,NA,NA,Frel,Other,2074,2074,NA,2019,NA,NA,5e+05,NA,NA,NA
1951,ghl.27.1-2,demersal,Advice,NA,NA,Frel,Other,2861,2861,NA,2019,NA,NA,5e+05,NA,NA,NA
1952,ghl.27.1-2,demersal,Advice,NA,NA,Frel,Other,2953,2953,NA,2019,NA,NA,5e+05,NA,NA,NA
1953,ghl.27.1-2,demersal,Advice,NA,NA,Frel,Other,2601,2601,NA,2019,NA,NA,5e+05,NA,NA,NA
1954,ghl.27.1-2,demersal,Advice,NA,NA,Frel,Other,4090,4090,NA,2019,NA,NA,5e+05,NA,NA,NA
1955,ghl.27.1-2,demersal,Advice,NA,NA,Frel,Other,3300,3300,NA,2019,NA,NA,5e+05,NA,NA,NA
1956,ghl.27.1-2,demersal,Advice,NA,NA,Frel,Other,3939,3939,NA,2019,NA,NA,5e+05,NA,NA,NA
1957,ghl.27.1-2,demersal,Advice,NA,NA,Frel,Other,4635,4635,NA,2019,NA,NA,5e+05,NA,NA,NA
1958,ghl.27.1-2,demersal,Advice,NA,NA,Frel,Other,4192,4192,NA,2019,NA,NA,5e+05,NA,NA,NA
1959,ghl.27.1-2,demersal,Advice,NA,NA,Frel,Other,7939,7939,NA,2019,NA,NA,5e+05,NA,NA,NA
1960,ghl.27.1-2,demersal,Advice,NA,NA,Frel,Other,10961,10961,NA,2019,NA,NA,5e+05,NA,NA,NA
1961,ghl.27.1-2,demersal,Advice,NA,NA,Frel,Other,11813,11813,NA,2019,NA,NA,5e+05,NA,NA,NA
1962,ghl.27.1-2,demersal,Advice,NA,NA,Frel,Other,13360,13360,NA,2019,NA,NA,5e+05,NA,NA,NA
1963,ghl.27.1-2,demersal,Advice,NA,NA,Frel,Other,14540,14540,NA,2019,NA,NA,5e+05,NA,NA,NA
1964,ghl.27.1-2,demersal,Advice,NA,NA,Frel,Other,40391,40391,NA,2019,NA,NA,5e+05,NA,NA,NA
1965,ghl.27.1-2,demersal,Advice,NA,NA,Frel,Other,34751,34751,NA,2019,NA,NA,5e+05,NA,NA,NA
1966,ghl.27.1-2,demersal,Advice,NA,NA,Frel,Other,26321,26321,NA,2019,NA,NA,5e+05,NA,NA,NA
1967,ghl.27.1-2,demersal,Advice,NA,NA,Frel,Other,24267,24267,NA,2019,NA,NA,5e+05,NA,NA,NA
1968,ghl.27.1-2,demersal,Advice,NA,NA,Frel,Other,26168,26168,NA,2019,NA,NA,5e+05,NA,NA,NA
1969,ghl.27.1-2,demersal,Advice,NA,NA,Frel,Other,43789,43789,NA,2019,NA,NA,5e+05,NA,NA,NA
1970,ghl.27.1-2,demersal,Advice,NA,NA,Frel,Other,89484,89484,NA,2019,NA,NA,5e+05,NA,NA,NA
1971,ghl.27.1-2,demersal,Advice,NA,NA,Frel,Other,79034,79034,NA,2019,NA,NA,5e+05,NA,NA,NA
1972,ghl.27.1-2,demersal,Advice,NA,NA,Frel,Other,43055,43055,NA,2019,NA,NA,5e+05,NA,NA,NA
1973,ghl.27.1-2,demersal,Advice,NA,NA,Frel,Other,29938,29938,NA,2019,NA,NA,5e+05,NA,NA,NA
1974,ghl.27.1-2,demersal,Advice,NA,NA,Frel,Other,37763,37763,NA,2019,NA,NA,5e+05,NA,NA,NA
1975,ghl.27.1-2,demersal,Advice,NA,NA,Frel,Other,38172,38172,NA,2019,NA,NA,5e+05,NA,NA,NA
1976,ghl.27.1-2,demersal,Advice,NA,NA,Frel,Other,36074,36074,NA,2019,NA,NA,5e+05,NA,NA,NA
1977,ghl.27.1-2,demersal,Advice,NA,NA,Frel,Other,28827,28827,NA,2019,NA,NA,5e+05,NA,NA,NA
1978,ghl.27.1-2,demersal,Advice,NA,NA,Frel,Other,24617,24617,NA,2019,NA,NA,5e+05,NA,NA,NA
1979,ghl.27.1-2,demersal,Advice,NA,NA,Frel,Other,17312,17312,NA,2019,NA,NA,5e+05,NA,NA,NA
1980,ghl.27.1-2,demersal,Advice,NA,NA,Frel,Other,13284,13284,NA,2019,NA,NA,5e+05,NA,NA,NA
1981,ghl.27.1-2,demersal,Advice,NA,NA,Frel,Other,15018,15018,NA,2019,NA,NA,5e+05,NA,NA,NA
1982,ghl.27.1-2,demersal,Advice,NA,NA,Frel,Other,16789,16789,NA,2019,NA,NA,5e+05,NA,NA,NA
1983,ghl.27.1-2,demersal,Advice,NA,NA,Frel,Other,22147,22147,NA,2019,NA,NA,5e+05,NA,NA,NA
1984,ghl.27.1-2,demersal,Advice,NA,NA,Frel,Other,21883,21883,NA,2019,NA,NA,5e+05,NA,NA,NA
1985,ghl.27.1-2,demersal,Advice,NA,NA,Frel,Other,19945,19945,NA,2019,NA,NA,5e+05,NA,NA,NA
1986,ghl.27.1-2,demersal,Advice,NA,NA,Frel,Other,22875,22875,NA,2019,NA,NA,5e+05,NA,NA,NA
1987,ghl.27.1-2,demersal,Advice,NA,NA,Frel,Other,19112,19112,NA,2019,NA,NA,5e+05,NA,NA,NA
1988,ghl.27.1-2,demersal,Advice,NA,NA,Frel,Other,19587,19587,NA,2019,NA,NA,5e+05,NA,NA,NA
1989,ghl.27.1-2,demersal,Advice,NA,NA,Frel,Other,20138,20138,NA,2019,NA,NA,5e+05,NA,NA,NA
1990,ghl.27.1-2,demersal,Advice,NA,NA,Frel,Other,23183,23183,NA,2019,NA,NA,5e+05,NA,NA,NA
1991,ghl.27.1-2,demersal,Advice,NA,NA,Frel,Other,33320,33320,NA,2019,NA,NA,5e+05,NA,NA,NA
1992,ghl.27.1-2,demersal,Advice,0.023,367295,Frel,Other,8602,8602,NA,2019,NA,NA,5e+05,NA,NA,NA
1993,ghl.27.1-2,demersal,Advice,0.027,447306,Frel,Other,11933,11933,NA,2019,NA,NA,5e+05,NA,NA,NA
1994,ghl.27.1-2,demersal,Advice,0.018,503851,Frel,Other,9226,9226,NA,2019,NA,NA,5e+05,NA,NA,NA
1995,ghl.27.1-2,demersal,Advice,0.022,543258,Frel,Other,11734,11734,NA,2019,NA,NA,5e+05,NA,NA,NA
1996,ghl.27.1-2,demersal,Advice,0.026,561725,Frel,Other,14347,14347,NA,2019,NA,NA,5e+05,NA,NA,NA
1997,ghl.27.1-2,demersal,Advice,0.017,566085,Frel,Other,9410,9410,NA,2019,NA,NA,5e+05,NA,NA,NA
1998,ghl.27.1-2,demersal,Advice,0.021,568614,Frel,Other,11893,11893,NA,2019,NA,NA,5e+05,NA,NA,NA
1999,ghl.27.1-2,demersal,Advice,0.035,565486,Frel,Other,19517,19517,NA,2019,NA,NA,5e+05,NA,NA,NA
2000,ghl.27.1-2,demersal,Advice,0.026,560294,Frel,Other,14297,14297,NA,2019,NA,NA,5e+05,NA,NA,NA
2001,ghl.27.1-2,demersal,Advice,0.029,558722,Frel,Other,16365,16365,NA,2019,NA,NA,5e+05,NA,NA,NA
2002,ghl.27.1-2,demersal,Advice,0.024,557754,Frel,Other,13293,13293,NA,2019,NA,NA,5e+05,NA,NA,NA
2003,ghl.27.1-2,demersal,Advice,0.024,559312,Frel,Other,13447,13447,NA,2019,NA,NA,5e+05,NA,NA,NA
2004,ghl.27.1-2,demersal,Advice,0.034,559751,Frel,Other,18899,18899,NA,2019,NA,NA,5e+05,NA,NA,NA
2005,ghl.27.1-2,demersal,Advice,0.034,558818,Frel,Other,18834,18834,NA,2019,NA,NA,5e+05,NA,NA,NA
2006,ghl.27.1-2,demersal,Advice,0.031,568786,Frel,Other,17904,17904,NA,2019,NA,NA,5e+05,NA,NA,NA
2007,ghl.27.1-2,demersal,Advice,0.026,591555,Frel,Other,15453,15453,NA,2019,NA,NA,5e+05,NA,NA,NA
2008,ghl.27.1-2,demersal,Advice,0.022,626103,Frel,Other,13792,13792,NA,2019,NA,NA,5e+05,NA,NA,NA
2009,ghl.27.1-2,demersal,Advice,0.019,667548,Frel,Other,12990,12990,NA,2019,NA,NA,5e+05,NA,NA,NA
2010,ghl.27.1-2,demersal,Advice,0.021,709186,Frel,Other,15229,15229,NA,2019,NA,NA,5e+05,NA,NA,NA
2011,ghl.27.1-2,demersal,Advice,0.022,742303,Frel,Other,16606,16606,NA,2019,NA,NA,5e+05,NA,NA,NA
2012,ghl.27.1-2,demersal,Advice,0.026,766191,Frel,Other,20288,20288,NA,2019,NA,NA,5e+05,NA,NA,NA
2013,ghl.27.1-2,demersal,Advice,0.028,778597,Frel,Other,22167,22167,NA,2019,NA,NA,5e+05,NA,NA,NA
2014,ghl.27.1-2,demersal,Advice,0.029,783560,Frel,Other,23025,23025,NA,2019,NA,NA,5e+05,NA,NA,NA
2015,ghl.27.1-2,demersal,Advice,0.032,780918,Frel,Other,24748,24748,NA,2019,NA,NA,5e+05,NA,NA,NA
2016,ghl.27.1-2,demersal,Advice,0.032,771502,Frel,Other,24950,24950,NA,2019,NA,NA,5e+05,NA,NA,NA
2017,ghl.27.1-2,demersal,Advice,0.035,757426,Frel,Other,26380,26380,NA,2019,NA,NA,5e+05,NA,NA,NA
2018,ghl.27.1-2,demersal,Advice,0.039,738643,Frel,Other,28544,28544,NA,2019,NA,NA,5e+05,NA,NA,NA
2019,ghl.27.1-2,demersal,Advice,NA,715671,Frel,Other,NA,NA,NA,2019,NA,NA,5e+05,NA,NA,NA
1950,had.27.1-2,demersal,Advice,0.732,210469,F,SSB,132125,132125,NA,2019,0.77,0.47,80000,50000,0.35,80000
1951,had.27.1-2,demersal,Advice,0.686,126945,F,SSB,120077,120077,NA,2019,0.77,0.47,80000,50000,0.35,80000
1952,had.27.1-2,demersal,Advice,0.705,102125,F,SSB,127660,127660,NA,2019,0.77,0.47,80000,50000,0.35,80000
1953,had.27.1-2,demersal,Advice,0.544,119871,F,SSB,123920,123920,NA,2019,0.77,0.47,80000,50000,0.35,80000
1954,had.27.1-2,demersal,Advice,0.485,169170,F,SSB,156788,156788,NA,2019,0.77,0.47,80000,50000,0.35,80000
1955,had.27.1-2,demersal,Advice,0.408,272359,F,SSB,202286,202286,NA,2019,0.77,0.47,80000,50000,0.35,80000
1956,had.27.1-2,demersal,Advice,0.436,332172,F,SSB,213924,213924,NA,2019,0.77,0.47,80000,50000,0.35,80000
1957,had.27.1-2,demersal,Advice,0.408,257612,F,SSB,123583,123583,NA,2019,0.77,0.47,80000,50000,0.35,80000
1958,had.27.1-2,demersal,Advice,0.493,186839,F,SSB,112672,112672,NA,2019,0.77,0.47,80000,50000,0.35,80000
1959,had.27.1-2,demersal,Advice,0.45,129867,F,SSB,88211,88211,NA,2019,0.77,0.47,80000,50000,0.35,80000
1960,had.27.1-2,demersal,Advice,0.56,116575,F,SSB,154651,154651,NA,2019,0.77,0.47,80000,50000,0.35,80000
1961,had.27.1-2,demersal,Advice,0.661,125149,F,SSB,193224,193224,NA,2019,0.77,0.47,80000,50000,0.35,80000
1962,had.27.1-2,demersal,Advice,0.739,123602,F,SSB,187408,187408,NA,2019,0.77,0.47,80000,50000,0.35,80000
1963,had.27.1-2,demersal,Advice,0.722,97043,F,SSB,146224,146224,NA,2019,0.77,0.47,80000,50000,0.35,80000
1964,had.27.1-2,demersal,Advice,0.656,86600,F,SSB,99158,99158,NA,2019,0.77,0.47,80000,50000,0.35,80000
1965,had.27.1-2,demersal,Advice,0.564,100233,F,SSB,118578,118578,NA,2019,0.77,0.47,80000,50000,0.35,80000
1966,had.27.1-2,demersal,Advice,0.541,134158,F,SSB,161778,161778,NA,2019,0.77,0.47,80000,50000,0.35,80000
1967,had.27.1-2,demersal,Advice,0.457,145559,F,SSB,136397,136397,NA,2019,0.77,0.47,80000,50000,0.35,80000
1968,had.27.1-2,demersal,Advice,0.482,160493,F,SSB,181726,181726,NA,2019,0.77,0.47,80000,50000,0.35,80000
1969,had.27.1-2,demersal,Advice,0.409,161338,F,SSB,130820,130820,NA,2019,0.77,0.47,80000,50000,0.35,80000
1970,had.27.1-2,demersal,Advice,0.394,150069,F,SSB,88257,88257,NA,2019,0.77,0.47,80000,50000,0.35,80000
1971,had.27.1-2,demersal,Advice,0.338,122811,F,SSB,78905,78905,NA,2019,0.77,0.47,80000,50000,0.35,80000
1972,had.27.1-2,demersal,Advice,0.62,122580,F,SSB,266153,266153,NA,2019,0.77,0.47,80000,50000,0.35,80000
1973,had.27.1-2,demersal,Advice,0.511,125530,F,SSB,322226,322226,NA,2019,0.77,0.47,80000,50000,0.35,80000
1974,had.27.1-2,demersal,Advice,0.561,165607,F,SSB,221157,221157,NA,2019,0.77,0.47,80000,50000,0.35,80000
1975,had.27.1-2,demersal,Advice,0.512,189702,F,SSB,175758,175758,NA,2019,0.77,0.47,80000,50000,0.35,80000
1976,had.27.1-2,demersal,Advice,0.727,183385,F,SSB,137264,137264,NA,2019,0.77,0.47,80000,50000,0.35,80000
1977,had.27.1-2,demersal,Advice,0.745,116319,F,SSB,110158,110158,NA,2019,0.77,0.47,80000,50000,0.35,80000
1978,had.27.1-2,demersal,Advice,0.616,78699,F,SSB,95422,95422,NA,2019,0.77,0.47,80000,50000,0.35,80000
1979,had.27.1-2,demersal,Advice,0.571,62078,F,SSB,103623,103623,NA,2019,0.77,0.47,80000,50000,0.35,80000
1980,had.27.1-2,demersal,Advice,0.454,62398,F,SSB,87889,87889,NA,2019,0.77,0.47,80000,50000,0.35,80000
1981,had.27.1-2,demersal,Advice,0.406,71542,F,SSB,77153,77153,NA,2019,0.77,0.47,80000,50000,0.35,80000
1982,had.27.1-2,demersal,Advice,0.361,68072,F,SSB,46955,46955,NA,2019,0.77,0.47,80000,50000,0.35,80000
1983,had.27.1-2,demersal,Advice,0.366,58935,F,SSB,24600,24600,NA,2019,0.77,0.47,80000,50000,0.35,80000
1984,had.27.1-2,demersal,Advice,0.301,53015,F,SSB,20945,20945,NA,2019,0.77,0.47,80000,50000,0.35,80000
1985,had.27.1-2,demersal,Advice,0.402,49865,F,SSB,45052,45052,NA,2019,0.77,0.47,80000,50000,0.35,80000
1986,had.27.1-2,demersal,Advice,0.556,54254,F,SSB,100563,100563,NA,2019,0.77,0.47,80000,50000,0.35,80000
1987,had.27.1-2,demersal,Advice,0.66,72012,F,SSB,154916,154916,NA,2019,0.77,0.47,80000,50000,0.35,80000
1988,had.27.1-2,demersal,Advice,0.534,77166,F,SSB,95255,95255,NA,2019,0.77,0.47,80000,50000,0.35,80000
1989,had.27.1-2,demersal,Advice,0.301,83359,F,SSB,58518,58518,NA,2019,0.77,0.47,80000,50000,0.35,80000
1990,had.27.1-2,demersal,Advice,0.228,87990,F,SSB,27182,27182,NA,2019,0.77,0.47,80000,50000,0.35,80000
1991,had.27.1-2,demersal,Advice,0.243,100726,F,SSB,36216,36216,NA,2019,0.77,0.47,80000,50000,0.35,80000
1992,had.27.1-2,demersal,Advice,0.281,116241,F,SSB,59922,59922,NA,2019,0.77,0.47,80000,50000,0.35,80000
1993,had.27.1-2,demersal,Advice,0.292,136413,F,SSB,82379,82379,NA,2019,0.77,0.47,80000,50000,0.35,80000
1994,had.27.1-2,demersal,Advice,0.348,165211,F,SSB,135186,135186,NA,2019,0.77,0.47,80000,50000,0.35,80000
1995,had.27.1-2,demersal,Advice,0.328,208941,F,SSB,142448,142448,NA,2019,0.77,0.47,80000,50000,0.35,80000
1996,had.27.1-2,demersal,Advice,0.391,250661,F,SSB,178128,178128,NA,2019,0.77,0.47,80000,50000,0.35,80000
1997,had.27.1-2,demersal,Advice,0.465,220527,F,SSB,154359,154359,NA,2019,0.77,0.47,80000,50000,0.35,80000
1998,had.27.1-2,demersal,Advice,0.46,160426,F,SSB,100630,100630,NA,2019,0.77,0.47,80000,50000,0.35,80000
1999,had.27.1-2,demersal,Advice,0.466,115023,F,SSB,83195,83195,NA,2019,0.77,0.47,80000,50000,0.35,80000
2000,had.27.1-2,demersal,Advice,0.368,93447,F,SSB,68944,68944,NA,2019,0.77,0.47,80000,50000,0.35,80000
2001,had.27.1-2,demersal,Advice,0.365,93381,F,SSB,89640,89640,NA,2019,0.77,0.47,80000,50000,0.35,80000
2002,had.27.1-2,demersal,Advice,0.341,107449,F,SSB,114798,114798,NA,2019,0.77,0.47,80000,50000,0.35,80000
2003,had.27.1-2,demersal,Advice,0.407,139684,F,SSB,138926,138926,NA,2019,0.77,0.47,80000,50000,0.35,80000
2004,had.27.1-2,demersal,Advice,0.417,159778,F,SSB,158279,158279,NA,2019,0.77,0.47,80000,50000,0.35,80000
2005,had.27.1-2,demersal,Advice,0.436,174816,F,SSB,158298,158298,NA,2019,0.77,0.47,80000,50000,0.35,80000
2006,had.27.1-2,demersal,Advice,0.389,172205,F,SSB,153157,153157,NA,2019,0.77,0.47,80000,50000,0.35,80000
2007,had.27.1-2,demersal,Advice,0.355,179156,F,SSB,161525,161525,NA,2019,0.77,0.47,80000,50000,0.35,80000
2008,had.27.1-2,demersal,Advice,0.291,198050,F,SSB,155604,155604,NA,2019,0.77,0.47,80000,50000,0.35,80000
2009,had.27.1-2,demersal,Advice,0.259,211140,F,SSB,200061,200061,NA,2019,0.77,0.47,80000,50000,0.35,80000
2010,had.27.1-2,demersal,Advice,0.241,311541,F,SSB,249200,249200,NA,2019,0.77,0.47,80000,50000,0.35,80000
2011,had.27.1-2,demersal,Advice,0.232,432296,F,SSB,309785,309785,NA,2019,0.77,0.47,80000,50000,0.35,80000
2012,had.27.1-2,demersal,Advice,0.206,565427,F,SSB,315627,315627,NA,2019,0.77,0.47,80000,50000,0.35,80000
2013,had.27.1-2,demersal,Advice,0.164,604134,F,SSB,193744,193744,NA,2019,0.77,0.47,80000,50000,0.35,80000
2014,had.27.1-2,demersal,Advice,0.168,596585,F,SSB,177522,177522,NA,2019,0.77,0.47,80000,50000,0.35,80000
2015,had.27.1-2,demersal,Advice,0.201,555089,F,SSB,194756,194756,NA,2019,0.77,0.47,80000,50000,0.35,80000
2016,had.27.1-2,demersal,Advice,0.255,526338,F,SSB,233183,233183,NA,2019,0.77,0.47,80000,50000,0.35,80000
2017,had.27.1-2,demersal,Advice,0.383,388448,F,SSB,227588,227588,NA,2019,0.77,0.47,80000,50000,0.35,80000
2018,had.27.1-2,demersal,Advice,0.378,279971,F,SSB,191276,191276,NA,2019,0.77,0.47,80000,50000,0.35,80000
2019,had.27.1-2,demersal,Advice,NA,220245,F,SSB,NA,NA,NA,2019,0.77,0.47,80000,50000,0.35,80000
1988,lin.27.1-2,demersal,Advice,NA,NA,F,B_index,6126,6126,NA,2019,NA,NA,NA,NA,NA,NA
1989,lin.27.1-2,demersal,Advice,NA,NA,F,B_index,7368,7368,NA,2019,NA,NA,NA,NA,NA,NA
1990,lin.27.1-2,demersal,Advice,NA,NA,F,B_index,7628,7628,NA,2019,NA,NA,NA,NA,NA,NA
1991,lin.27.1-2,demersal,Advice,NA,NA,F,B_index,7793,7793,NA,2019,NA,NA,NA,NA,NA,NA
1992,lin.27.1-2,demersal,Advice,NA,NA,F,B_index,6521,6521,NA,2019,NA,NA,NA,NA,NA,NA
1993,lin.27.1-2,demersal,Advice,NA,NA,F,B_index,7093,7093,NA,2019,NA,NA,NA,NA,NA,NA
1994,lin.27.1-2,demersal,Advice,NA,NA,F,B_index,6322,6322,NA,2019,NA,NA,NA,NA,NA,NA
1995,lin.27.1-2,demersal,Advice,NA,NA,F,B_index,5954,5954,NA,2019,NA,NA,NA,NA,NA,NA
1996,lin.27.1-2,demersal,Advice,NA,NA,F,B_index,6346,6346,NA,2019,NA,NA,NA,NA,NA,NA
1997,lin.27.1-2,demersal,Advice,NA,NA,F,B_index,5409,5409,NA,2019,NA,NA,NA,NA,NA,NA
1998,lin.27.1-2,demersal,Advice,NA,NA,F,B_index,9200,9200,NA,2019,NA,NA,NA,NA,NA,NA
1999,lin.27.1-2,demersal,Advice,NA,NA,F,B_index,7651,7651,NA,2019,NA,NA,NA,NA,NA,NA
2000,lin.27.1-2,demersal,Advice,NA,48.87,F,B_index,5964,5964,NA,2019,NA,NA,NA,NA,NA,NA
2001,lin.27.1-2,demersal,Advice,NA,41.21,F,B_index,4957,4957,NA,2019,NA,NA,NA,NA,NA,NA
2002,lin.27.1-2,demersal,Advice,NA,40.77,F,B_index,7132,7132,NA,2019,NA,NA,NA,NA,NA,NA
2003,lin.27.1-2,demersal,Advice,NA,41.65,F,B_index,6157,6157,NA,2019,NA,NA,NA,NA,NA,NA
2004,lin.27.1-2,demersal,Advice,NA,49.79,F,B_index,6560,6560,NA,2019,NA,NA,NA,NA,NA,NA
2005,lin.27.1-2,demersal,Advice,NA,64.71,F,B_index,6306,6306,NA,2019,NA,NA,NA,NA,NA,NA
2006,lin.27.1-2,demersal,Advice,NA,57.79,F,B_index,8848,8848,NA,2019,NA,NA,NA,NA,NA,NA
2007,lin.27.1-2,demersal,Advice,NA,61.42,F,B_index,10334,10334,NA,2019,NA,NA,NA,NA,NA,NA
2008,lin.27.1-2,demersal,Advice,NA,68.29,F,B_index,11346,11346,NA,2019,NA,NA,NA,NA,NA,NA
2009,lin.27.1-2,demersal,Advice,NA,71.27,F,B_index,8564,8564,NA,2019,NA,NA,NA,NA,NA,NA
2010,lin.27.1-2,demersal,Advice,NA,81.22,F,B_index,10580,10580,NA,2019,NA,NA,NA,NA,NA,NA
2011,lin.27.1-2,demersal,Advice,NA,76.58,F,B_index,10098,10098,NA,2019,NA,NA,NA,NA,NA,NA
2012,lin.27.1-2,demersal,Advice,NA,74.55,F,B_index,8849,8849,NA,2019,NA,NA,NA,NA,NA,NA
2013,lin.27.1-2,demersal,Advice,NA,79.97,F,B_index,9027,9027,NA,2019,NA,NA,NA,NA,NA,NA
2014,lin.27.1-2,demersal,Advice,NA,98.63,F,B_index,9597,9597,NA,2019,NA,NA,NA,NA,NA,NA
2015,lin.27.1-2,demersal,Advice,NA,98.05,F,B_index,8550,8550,NA,2019,NA,NA,NA,NA,NA,NA
2016,lin.27.1-2,demersal,Advice,NA,96.88,F,B_index,8822,8822,NA,2019,NA,NA,NA,NA,NA,NA
2017,lin.27.1-2,demersal,Advice,NA,121.14,F,B_index,7971,7971,NA,2019,NA,NA,NA,NA,NA,NA
2018,lin.27.1-2,demersal,Advice,NA,112.23,F,B_index,11613,11613,NA,2019,NA,NA,NA,NA,NA,NA
1960,pok.27.1-2,demersal,Advice,0.276,461689,F,SSB,133515,133515,NA,2019,0.58,0.35,220000,136000,NA,NA
1961,pok.27.1-2,demersal,Advice,0.233,455025,F,SSB,105951,105951,NA,2019,0.58,0.35,220000,136000,NA,NA
1962,pok.27.1-2,demersal,Advice,0.233,459946,F,SSB,120707,120707,NA,2019,0.58,0.35,220000,136000,NA,NA
1963,pok.27.1-2,demersal,Advice,0.247,456518,F,SSB,148627,148627,NA,2019,0.58,0.35,220000,136000,NA,NA
1964,pok.27.1-2,demersal,Advice,0.284,479946,F,SSB,197426,197426,NA,2019,0.58,0.35,220000,136000,NA,NA
1965,pok.27.1-2,demersal,Advice,0.29,518913,F,SSB,185600,185600,NA,2019,0.58,0.35,220000,136000,NA,NA
1966,pok.27.1-2,demersal,Advice,0.299,479829,F,SSB,203788,203788,NA,2019,0.58,0.35,220000,136000,NA,NA
1967,pok.27.1-2,demersal,Advice,0.279,492147,F,SSB,181326,181326,NA,2019,0.58,0.35,220000,136000,NA,NA
1968,pok.27.1-2,demersal,Advice,0.202,470746,F,SSB,110247,110247,NA,2019,0.58,0.35,220000,136000,NA,NA
1969,pok.27.1-2,demersal,Advice,0.195,510616,F,SSB,140060,140060,NA,2019,0.58,0.35,220000,136000,NA,NA
1970,pok.27.1-2,demersal,Advice,0.309,565689,F,SSB,264924,264924,NA,2019,0.58,0.35,220000,136000,NA,NA
1971,pok.27.1-2,demersal,Advice,0.326,554013,F,SSB,241272,241272,NA,2019,0.58,0.35,220000,136000,NA,NA
1972,pok.27.1-2,demersal,Advice,0.321,537029,F,SSB,214334,214334,NA,2019,0.58,0.35,220000,136000,NA,NA
1973,pok.27.1-2,demersal,Advice,0.358,536980,F,SSB,213859,213859,NA,2019,0.58,0.35,220000,136000,NA,NA
1974,pok.27.1-2,demersal,Advice,0.48,491972,F,SSB,264121,264121,NA,2019,0.58,0.35,220000,136000,NA,NA
1975,pok.27.1-2,demersal,Advice,0.539,398071,F,SSB,233453,233453,NA,2019,0.58,0.35,220000,136000,NA,NA
1976,pok.27.1-2,demersal,Advice,0.572,281688,F,SSB,242486,242486,NA,2019,0.58,0.35,220000,136000,NA,NA
1977,pok.27.1-2,demersal,Advice,0.501,209744,F,SSB,182817,182817,NA,2019,0.58,0.35,220000,136000,NA,NA
1978,pok.27.1-2,demersal,Advice,0.553,189232,F,SSB,155464,155464,NA,2019,0.58,0.35,220000,136000,NA,NA
1979,pok.27.1-2,demersal,Advice,0.588,170643,F,SSB,164680,164680,NA,2019,0.58,0.35,220000,136000,NA,NA
1980,pok.27.1-2,demersal,Advice,0.564,150451,F,SSB,144554,144554,NA,2019,0.58,0.35,220000,136000,NA,NA
1981,pok.27.1-2,demersal,Advice,0.558,154708,F,SSB,175540,175540,NA,2019,0.58,0.35,220000,136000,NA,NA
1982,pok.27.1-2,demersal,Advice,0.555,135940,F,SSB,168034,168034,NA,2019,0.58,0.35,220000,136000,NA,NA
1983,pok.27.1-2,demersal,Advice,0.604,162762,F,SSB,156936,156936,NA,2019,0.58,0.35,220000,136000,NA,NA
1984,pok.27.1-2,demersal,Advice,0.715,146367,F,SSB,158786,158786,NA,2019,0.58,0.35,220000,136000,NA,NA
1985,pok.27.1-2,demersal,Advice,0.635,110846,F,SSB,107183,107183,NA,2019,0.58,0.35,220000,136000,NA,NA
1986,pok.27.1-2,demersal,Advice,0.544,83484,F,SSB,67396,67396,NA,2019,0.58,0.35,220000,136000,NA,NA
1987,pok.27.1-2,demersal,Advice,0.615,72113,F,SSB,92391,92391,NA,2019,0.58,0.35,220000,136000,NA,NA
1988,pok.27.1-2,demersal,Advice,0.605,88171,F,SSB,114242,114242,NA,2019,0.58,0.35,220000,136000,NA,NA
1989,pok.27.1-2,demersal,Advice,0.487,103206,F,SSB,122817,122817,NA,2019,0.58,0.35,220000,136000,NA,NA
1990,pok.27.1-2,demersal,Advice,0.55,119544,F,SSB,95848,95848,NA,2019,0.58,0.35,220000,136000,NA,NA
1991,pok.27.1-2,demersal,Advice,0.509,114596,F,SSB,107327,107327,NA,2019,0.58,0.35,220000,136000,NA,NA
1992,pok.27.1-2,demersal,Advice,0.605,94977,F,SSB,127604,127604,NA,2019,0.58,0.35,220000,136000,NA,NA
1993,pok.27.1-2,demersal,Advice,0.533,97175,F,SSB,154903,154903,NA,2019,0.58,0.35,220000,136000,NA,NA
1994,pok.27.1-2,demersal,Advice,0.477,147869,F,SSB,146950,146950,NA,2019,0.58,0.35,220000,136000,NA,NA
1995,pok.27.1-2,demersal,Advice,0.372,196889,F,SSB,168378,168378,NA,2019,0.58,0.35,220000,136000,NA,NA
1996,pok.27.1-2,demersal,Advice,0.36,246126,F,SSB,171348,171348,NA,2019,0.58,0.35,220000,136000,NA,NA
1997,pok.27.1-2,demersal,Advice,0.255,245371,F,SSB,143629,143629,NA,2019,0.58,0.35,220000,136000,NA,NA
1998,pok.27.1-2,demersal,Advice,0.254,294112,F,SSB,153327,153327,NA,2019,0.58,0.35,220000,136000,NA,NA
1999,pok.27.1-2,demersal,Advice,0.254,310104,F,SSB,150375,150375,NA,2019,0.58,0.35,220000,136000,NA,NA
2000,pok.27.1-2,demersal,Advice,0.225,370374,F,SSB,135928,135928,NA,2019,0.58,0.35,220000,136000,NA,NA
2001,pok.27.1-2,demersal,Advice,0.196,376555,F,SSB,135853,135853,NA,2019,0.58,0.35,220000,136000,NA,NA
2002,pok.27.1-2,demersal,Advice,0.188,452970,F,SSB,154870,154870,NA,2019,0.58,0.35,220000,136000,NA,NA
2003,pok.27.1-2,demersal,Advice,0.182,442949,F,SSB,161592,161592,NA,2019,0.58,0.35,220000,136000,NA,NA
2004,pok.27.1-2,demersal,Advice,0.176,525691,F,SSB,164636,164636,NA,2019,0.58,0.35,220000,136000,NA,NA
2005,pok.27.1-2,demersal,Advice,0.207,611511,F,SSB,178568,178568,NA,2019,0.58,0.35,220000,136000,NA,NA
2006,pok.27.1-2,demersal,Advice,0.247,543695,F,SSB,212822,212822,NA,2019,0.58,0.35,220000,136000,NA,NA
2007,pok.27.1-2,demersal,Advice,0.261,552527,F,SSB,199008,199008,NA,2019,0.58,0.35,220000,136000,NA,NA
2008,pok.27.1-2,demersal,Advice,0.329,477066,F,SSB,184740,184740,NA,2019,0.58,0.35,220000,136000,NA,NA
2009,pok.27.1-2,demersal,Advice,0.342,368792,F,SSB,161853,161853,NA,2019,0.58,0.35,220000,136000,NA,NA
2010,pok.27.1-2,demersal,Advice,0.377,333601,F,SSB,194837,194837,NA,2019,0.58,0.35,220000,136000,NA,NA
2011,pok.27.1-2,demersal,Advice,0.373,298212,F,SSB,156716,156716,NA,2019,0.58,0.35,220000,136000,NA,NA
2012,pok.27.1-2,demersal,Advice,0.351,307997,F,SSB,160865,160865,NA,2019,0.58,0.35,220000,136000,NA,NA
2013,pok.27.1-2,demersal,Advice,0.289,331872,F,SSB,131806,131806,NA,2019,0.58,0.35,220000,136000,NA,NA
2014,pok.27.1-2,demersal,Advice,0.261,360463,F,SSB,132005,132005,NA,2019,0.58,0.35,220000,136000,NA,NA
2015,pok.27.1-2,demersal,Advice,0.247,372942,F,SSB,131845,131845,NA,2019,0.58,0.35,220000,136000,NA,NA
2016,pok.27.1-2,demersal,Advice,0.241,413202,F,SSB,140392,140392,NA,2019,0.58,0.35,220000,136000,NA,NA
2017,pok.27.1-2,demersal,Advice,0.22,431671,F,SSB,146221,146221,NA,2019,0.58,0.35,220000,136000,NA,NA
2018,pok.27.1-2,demersal,Advice,0.231,494841,F,SSB,181283,181283,NA,2019,0.58,0.35,220000,136000,NA,NA
2019,pok.27.1-2,demersal,Advice,NA,555377,F,SSB,NA,NA,NA,2019,0.58,0.35,220000,136000,NA,NA
1970,pra.27.1-2,crustacean,Advice,0.017,1.61,F/Fmsy,B/Bmsy,5508,5508,NA,2018,1.7,NA,NA,0.3,1,0.5
1971,pra.27.1-2,crustacean,Advice,0.015,1.7,F/Fmsy,B/Bmsy,5142,5142,NA,2018,1.7,NA,NA,0.3,1,0.5
1972,pra.27.1-2,crustacean,Advice,0.019,1.76,F/Fmsy,B/Bmsy,6772,6772,NA,2018,1.7,NA,NA,0.3,1,0.5
1973,pra.27.1-2,crustacean,Advice,0.019,1.82,F/Fmsy,B/Bmsy,6921,6921,NA,2018,1.7,NA,NA,0.3,1,0.5
1974,pra.27.1-2,crustacean,Advice,0.022,1.86,F/Fmsy,B/Bmsy,8008,8008,NA,2018,1.7,NA,NA,0.3,1,0.5
1975,pra.27.1-2,crustacean,Advice,0.022,1.9,F/Fmsy,B/Bmsy,8199,8199,NA,2018,1.7,NA,NA,0.3,1,0.5
1976,pra.27.1-2,crustacean,Advice,0.025,1.92,F/Fmsy,B/Bmsy,9752,9752,NA,2018,1.7,NA,NA,0.3,1,0.5
1977,pra.27.1-2,crustacean,Advice,0.05,1.95,F/Fmsy,B/Bmsy,19554,19554,NA,2018,1.7,NA,NA,0.3,1,0.5
1978,pra.27.1-2,crustacean,Advice,0.098,1.97,F/Fmsy,B/Bmsy,38943,38943,NA,2018,1.7,NA,NA,0.3,1,0.5
1979,pra.27.1-2,crustacean,Advice,0.088,2.02,F/Fmsy,B/Bmsy,36299,36299,NA,2018,1.7,NA,NA,0.3,1,0.5
1980,pra.27.1-2,crustacean,Advice,0.101,2.26,F/Fmsy,B/Bmsy,46280,46280,NA,2018,1.7,NA,NA,0.3,1,0.5
1981,pra.27.1-2,crustacean,Advice,0.093,2.31,F/Fmsy,B/Bmsy,43610,43610,NA,2018,1.7,NA,NA,0.3,1,0.5
1982,pra.27.1-2,crustacean,Advice,0.117,2.62,F/Fmsy,B/Bmsy,62838,62838,NA,2018,1.7,NA,NA,0.3,1,0.5
1983,pra.27.1-2,crustacean,Advice,0.195,2.63,F/Fmsy,B/Bmsy,104806,104806,NA,2018,1.7,NA,NA,0.3,1,0.5
1984,pra.27.1-2,crustacean,Advice,0.327,1.93,F/Fmsy,B/Bmsy,128062,128062,NA,2018,1.7,NA,NA,0.3,1,0.5
1985,pra.27.1-2,crustacean,Advice,0.464,1.32,F/Fmsy,B/Bmsy,124489,124489,NA,2018,1.7,NA,NA,0.3,1,0.5
1986,pra.27.1-2,crustacean,Advice,0.291,1.11,F/Fmsy,B/Bmsy,65323,65323,NA,2018,1.7,NA,NA,0.3,1,0.5
1987,pra.27.1-2,crustacean,Advice,0.181,1.18,F/Fmsy,B/Bmsy,43367,43367,NA,2018,1.7,NA,NA,0.3,1,0.5
1988,pra.27.1-2,crustacean,Advice,0.163,1.47,F/Fmsy,B/Bmsy,48689,48689,NA,2018,1.7,NA,NA,0.3,1,0.5
1989,pra.27.1-2,crustacean,Advice,0.185,1.67,F/Fmsy,B/Bmsy,62748,62748,NA,2018,1.7,NA,NA,0.3,1,0.5
1990,pra.27.1-2,crustacean,Advice,0.218,1.83,F/Fmsy,B/Bmsy,81164,81164,NA,2018,1.7,NA,NA,0.3,1,0.5
1991,pra.27.1-2,crustacean,Advice,0.204,1.81,F/Fmsy,B/Bmsy,75253,75253,NA,2018,1.7,NA,NA,0.3,1,0.5
1992,pra.27.1-2,crustacean,Advice,0.187,1.8,F/Fmsy,B/Bmsy,68622,68622,NA,2018,1.7,NA,NA,0.3,1,0.5
1993,pra.27.1-2,crustacean,Advice,0.191,1.44,F/Fmsy,B/Bmsy,55866,55866,NA,2018,1.7,NA,NA,0.3,1,0.5
1994,pra.27.1-2,crustacean,Advice,0.103,1.36,F/Fmsy,B/Bmsy,28333,28333,NA,2018,1.7,NA,NA,0.3,1,0.5
1995,pra.27.1-2,crustacean,Advice,0.074,1.67,F/Fmsy,B/Bmsy,25220,25220,NA,2018,1.7,NA,NA,0.3,1,0.5
1996,pra.27.1-2,crustacean,Advice,0.094,1.81,F/Fmsy,B/Bmsy,34512,34512,NA,2018,1.7,NA,NA,0.3,1,0.5
1997,pra.27.1-2,crustacean,Advice,0.087,2.02,F/Fmsy,B/Bmsy,35735,35735,NA,2018,1.7,NA,NA,0.3,1,0.5
1998,pra.27.1-2,crustacean,Advice,0.132,2.08,F/Fmsy,B/Bmsy,55790,55790,NA,2018,1.7,NA,NA,0.3,1,0.5
1999,pra.27.1-2,crustacean,Advice,0.203,1.83,F/Fmsy,B/Bmsy,75670,75670,NA,2018,1.7,NA,NA,0.3,1,0.5
2000,pra.27.1-2,crustacean,Advice,0.242,1.64,F/Fmsy,B/Bmsy,80697,80697,NA,2018,1.7,NA,NA,0.3,1,0.5
2001,pra.27.1-2,crustacean,Advice,0.166,1.7,F/Fmsy,B/Bmsy,57285,57285,NA,2018,1.7,NA,NA,0.3,1,0.5
2002,pra.27.1-2,crustacean,Advice,0.186,1.63,F/Fmsy,B/Bmsy,61488,61488,NA,2018,1.7,NA,NA,0.3,1,0.5
2003,pra.27.1-2,crustacean,Advice,0.136,1.42,F/Fmsy,B/Bmsy,39225,39225,NA,2018,1.7,NA,NA,0.3,1,0.5
2004,pra.27.1-2,crustacean,Advice,0.107,1.97,F/Fmsy,B/Bmsy,42734,42734,NA,2018,1.7,NA,NA,0.3,1,0.5
2005,pra.27.1-2,crustacean,Advice,0.095,2.21,F/Fmsy,B/Bmsy,42618,42618,NA,2018,1.7,NA,NA,0.3,1,0.5
2006,pra.27.1-2,crustacean,Advice,0.072,2.03,F/Fmsy,B/Bmsy,29627,29627,NA,2018,1.7,NA,NA,0.3,1,0.5
2007,pra.27.1-2,crustacean,Advice,0.078,1.89,F/Fmsy,B/Bmsy,29931,29931,NA,2018,1.7,NA,NA,0.3,1,0.5
2008,pra.27.1-2,crustacean,Advice,0.071,1.95,F/Fmsy,B/Bmsy,28188,28188,NA,2018,1.7,NA,NA,0.3,1,0.5
2009,pra.27.1-2,crustacean,Advice,0.065,2.07,F/Fmsy,B/Bmsy,27272,27272,NA,2018,1.7,NA,NA,0.3,1,0.5
2010,pra.27.1-2,crustacean,Advice,0.059,2.11,F/Fmsy,B/Bmsy,25198,25198,NA,2018,1.7,NA,NA,0.3,1,0.5
2011,pra.27.1-2,crustacean,Advice,0.081,1.82,F/Fmsy,B/Bmsy,30226,30226,NA,2018,1.7,NA,NA,0.3,1,0.5
2012,pra.27.1-2,crustacean,Advice,0.077,1.57,F/Fmsy,B/Bmsy,24756,24756,NA,2018,1.7,NA,NA,0.3,1,0.5
2013,pra.27.1-2,crustacean,Advice,0.067,1.41,F/Fmsy,B/Bmsy,19249,19249,NA,2018,1.7,NA,NA,0.3,1,0.5
2014,pra.27.1-2,crustacean,Advice,0.071,1.46,F/Fmsy,B/Bmsy,20964,20964,NA,2018,1.7,NA,NA,0.3,1,0.5
2015,pra.27.1-2,crustacean,Advice,0.121,1.39,F/Fmsy,B/Bmsy,34022,34022,NA,2018,1.7,NA,NA,0.3,1,0.5
2016,pra.27.1-2,crustacean,Advice,0.084,1.74,F/Fmsy,B/Bmsy,29609,29609,NA,2018,1.7,NA,NA,0.3,1,0.5
2017,pra.27.1-2,crustacean,Advice,0.083,1.77,F/Fmsy,B/Bmsy,29753,29753,NA,2018,1.7,NA,NA,0.3,1,0.5
2018,pra.27.1-2,crustacean,Advice,0.122,1.78,F/Fmsy,B/Bmsy,45000,45000,NA,2018,1.7,NA,NA,0.3,1,0.5
1952,reb.27.1-2,pelagic,Advice,NA,NA,F,SSB,5000,5000,NA,2018,NA,NA,315000,227000,NA,315000
1953,reb.27.1-2,pelagic,Advice,NA,NA,F,SSB,7100,7100,NA,2018,NA,NA,315000,227000,NA,315000
1954,reb.27.1-2,pelagic,Advice,NA,NA,F,SSB,19600,19600,NA,2018,NA,NA,315000,227000,NA,315000
1955,reb.27.1-2,pelagic,Advice,NA,NA,F,SSB,22800,22800,NA,2018,NA,NA,315000,227000,NA,315000
1956,reb.27.1-2,pelagic,Advice,NA,NA,F,SSB,22900,22900,NA,2018,NA,NA,315000,227000,NA,315000
1957,reb.27.1-2,pelagic,Advice,NA,NA,F,SSB,45700,45700,NA,2018,NA,NA,315000,227000,NA,315000
1958,reb.27.1-2,pelagic,Advice,NA,NA,F,SSB,34100,34100,NA,2018,NA,NA,315000,227000,NA,315000
1959,reb.27.1-2,pelagic,Advice,NA,NA,F,SSB,65300,65300,NA,2018,NA,NA,315000,227000,NA,315000
1960,reb.27.1-2,pelagic,Advice,NA,NA,F,SSB,46600,46600,NA,2018,NA,NA,315000,227000,NA,315000
1961,reb.27.1-2,pelagic,Advice,NA,NA,F,SSB,32300,32300,NA,2018,NA,NA,315000,227000,NA,315000
1962,reb.27.1-2,pelagic,Advice,NA,NA,F,SSB,12500,12500,NA,2018,NA,NA,315000,227000,NA,315000
1963,reb.27.1-2,pelagic,Advice,NA,NA,F,SSB,10900,10900,NA,2018,NA,NA,315000,227000,NA,315000
1964,reb.27.1-2,pelagic,Advice,NA,NA,F,SSB,37300,37300,NA,2018,NA,NA,315000,227000,NA,315000
1965,reb.27.1-2,pelagic,Advice,NA,NA,F,SSB,15600,15600,NA,2018,NA,NA,315000,227000,NA,315000
1966,reb.27.1-2,pelagic,Advice,NA,NA,F,SSB,10100,10100,NA,2018,NA,NA,315000,227000,NA,315000
1967,reb.27.1-2,pelagic,Advice,NA,NA,F,SSB,6200,6200,NA,2018,NA,NA,315000,227000,NA,315000
1968,reb.27.1-2,pelagic,Advice,NA,NA,F,SSB,5400,5400,NA,2018,NA,NA,315000,227000,NA,315000
1969,reb.27.1-2,pelagic,Advice,NA,NA,F,SSB,17593,17593,NA,2018,NA,NA,315000,227000,NA,315000
1970,reb.27.1-2,pelagic,Advice,NA,NA,F,SSB,22992,22992,NA,2018,NA,NA,315000,227000,NA,315000
1971,reb.27.1-2,pelagic,Advice,NA,NA,F,SSB,33990,33990,NA,2018,NA,NA,315000,227000,NA,315000
1972,reb.27.1-2,pelagic,Advice,NA,NA,F,SSB,22203,22203,NA,2018,NA,NA,315000,227000,NA,315000
1973,reb.27.1-2,pelagic,Advice,NA,NA,F,SSB,46188,46188,NA,2018,NA,NA,315000,227000,NA,315000
1974,reb.27.1-2,pelagic,Advice,NA,NA,F,SSB,81154,81154,NA,2018,NA,NA,315000,227000,NA,315000
1975,reb.27.1-2,pelagic,Advice,NA,NA,F,SSB,264160,264160,NA,2018,NA,NA,315000,227000,NA,315000
1976,reb.27.1-2,pelagic,Advice,NA,NA,F,SSB,293109,293109,NA,2018,NA,NA,315000,227000,NA,315000
1977,reb.27.1-2,pelagic,Advice,NA,NA,F,SSB,161661,161661,NA,2018,NA,NA,315000,227000,NA,315000
1978,reb.27.1-2,pelagic,Advice,NA,NA,F,SSB,96149,96149,NA,2018,NA,NA,315000,227000,NA,315000
1979,reb.27.1-2,pelagic,Advice,NA,NA,F,SSB,85769,85769,NA,2018,NA,NA,315000,227000,NA,315000
1980,reb.27.1-2,pelagic,Advice,NA,NA,F,SSB,79694,79694,NA,2018,NA,NA,315000,227000,NA,315000
1981,reb.27.1-2,pelagic,Advice,NA,NA,F,SSB,83821,83821,NA,2018,NA,NA,315000,227000,NA,315000
1982,reb.27.1-2,pelagic,Advice,NA,NA,F,SSB,114253,114253,NA,2018,NA,NA,315000,227000,NA,315000
1983,reb.27.1-2,pelagic,Advice,NA,NA,F,SSB,104936,104936,NA,2018,NA,NA,315000,227000,NA,315000
1984,reb.27.1-2,pelagic,Advice,NA,NA,F,SSB,70805,70805,NA,2018,NA,NA,315000,227000,NA,315000
1985,reb.27.1-2,pelagic,Advice,NA,NA,F,SSB,60604,60604,NA,2018,NA,NA,315000,227000,NA,315000
1986,reb.27.1-2,pelagic,Advice,NA,NA,F,SSB,21698,21698,NA,2018,NA,NA,315000,227000,NA,315000
1987,reb.27.1-2,pelagic,Advice,NA,NA,F,SSB,10518,10518,NA,2018,NA,NA,315000,227000,NA,315000
1988,reb.27.1-2,pelagic,Advice,NA,NA,F,SSB,15586,15586,NA,2018,NA,NA,315000,227000,NA,315000
1989,reb.27.1-2,pelagic,Advice,NA,NA,F,SSB,23512,23512,NA,2018,NA,NA,315000,227000,NA,315000
1990,reb.27.1-2,pelagic,Advice,NA,NA,F,SSB,35070,35070,NA,2018,NA,NA,315000,227000,NA,315000
1991,reb.27.1-2,pelagic,Advice,NA,NA,F,SSB,48727,48727,NA,2018,NA,NA,315000,227000,NA,315000
1992,reb.27.1-2,pelagic,Advice,0.048,227298,F,SSB,15590,15590,NA,2018,NA,NA,315000,227000,NA,315000
1993,reb.27.1-2,pelagic,Advice,0.034,285774,F,SSB,12814,12814,NA,2018,NA,NA,315000,227000,NA,315000
1994,reb.27.1-2,pelagic,Advice,0.03,362252,F,SSB,12721,12721,NA,2018,NA,NA,315000,227000,NA,315000
1995,reb.27.1-2,pelagic,Advice,0.022,418442,F,SSB,10284,10284,NA,2018,NA,NA,315000,227000,NA,315000
1996,reb.27.1-2,pelagic,Advice,0.016,345655,F,SSB,8075,8075,NA,2018,NA,NA,315000,227000,NA,315000
1997,reb.27.1-2,pelagic,Advice,0.015,426388,F,SSB,8598,8598,NA,2018,NA,NA,315000,227000,NA,315000
1998,reb.27.1-2,pelagic,Advice,0.021,484077,F,SSB,14045,14045,NA,2018,NA,NA,315000,227000,NA,315000
1999,reb.27.1-2,pelagic,Advice,0.016,546747,F,SSB,11209,11209,NA,2018,NA,NA,315000,227000,NA,315000
2000,reb.27.1-2,pelagic,Advice,0.013,637308,F,SSB,10075,10075,NA,2018,NA,NA,315000,227000,NA,315000
2001,reb.27.1-2,pelagic,Advice,0.022,602536,F,SSB,18418,18418,NA,2018,NA,NA,315000,227000,NA,315000
2002,reb.27.1-2,pelagic,Advice,0.008,674327,F,SSB,6993,6993,NA,2018,NA,NA,315000,227000,NA,315000
2003,reb.27.1-2,pelagic,Advice,0.003,745502,F,SSB,2520,2520,NA,2018,NA,NA,315000,227000,NA,315000
2004,reb.27.1-2,pelagic,Advice,0.006,752675,F,SSB,5493,5493,NA,2018,NA,NA,315000,227000,NA,315000
2005,reb.27.1-2,pelagic,Advice,0.009,807097,F,SSB,8465,8465,NA,2018,NA,NA,315000,227000,NA,315000
2006,reb.27.1-2,pelagic,Advice,0.04,796042,F,SSB,33261,33261,NA,2018,NA,NA,315000,227000,NA,315000
2007,reb.27.1-2,pelagic,Advice,0.024,933116,F,SSB,20219,20219,NA,2018,NA,NA,315000,227000,NA,315000
2008,reb.27.1-2,pelagic,Advice,0.015,892111,F,SSB,13095,13095,NA,2018,NA,NA,315000,227000,NA,315000
2009,reb.27.1-2,pelagic,Advice,0.012,914548,F,SSB,10246,10246,NA,2018,NA,NA,315000,227000,NA,315000
2010,reb.27.1-2,pelagic,Advice,0.014,868970,F,SSB,11924,11924,NA,2018,NA,NA,315000,227000,NA,315000
2011,reb.27.1-2,pelagic,Advice,0.015,855846,F,SSB,12962,12962,NA,2018,NA,NA,315000,227000,NA,315000
2012,reb.27.1-2,pelagic,Advice,0.014,853940,F,SSB,11056,11056,NA,2018,NA,NA,315000,227000,NA,315000
2013,reb.27.1-2,pelagic,Advice,0.012,811463,F,SSB,9474,9474,NA,2018,NA,NA,315000,227000,NA,315000
2014,reb.27.1-2,pelagic,Advice,0.024,810552,F,SSB,18780,18780,NA,2018,NA,NA,315000,227000,NA,315000
2015,reb.27.1-2,pelagic,Advice,0.034,799400,F,SSB,25836,25836,NA,2018,NA,NA,315000,227000,NA,315000
2016,reb.27.1-2,pelagic,Advice,0.046,795771,F,SSB,35429,35429,NA,2018,NA,NA,315000,227000,NA,315000
2017,reb.27.1-2,pelagic,Advice,0.039,797447,F,SSB,31201,31201,NA,2018,NA,NA,315000,227000,NA,315000
2018,reb.27.1-2,pelagic,Advice,NA,814285,F,SSB,NA,NA,NA,2018,NA,NA,315000,227000,NA,315000
1986,reg.27.1-2,demersal,Advice,NA,NA,F,SSB,30203,30203,NA,2018,NA,NA,61600,44000,0.0525,NA
1987,reg.27.1-2,demersal,Advice,NA,NA,F,SSB,24077,24077,NA,2018,NA,NA,61600,44000,0.0525,NA
1988,reg.27.1-2,demersal,Advice,NA,NA,F,SSB,25908,25908,NA,2018,NA,NA,61600,44000,0.0525,NA
1989,reg.27.1-2,demersal,Advice,NA,NA,F,SSB,23234,23234,NA,2018,NA,NA,61600,44000,0.0525,NA
1990,reg.27.1-2,demersal,Advice,0.526,55650,F,SSB,28072,28072,NA,2018,NA,NA,61600,44000,0.0525,NA
1991,reg.27.1-2,demersal,Advice,0.373,55807,F,SSB,19041,19041,NA,2018,NA,NA,61600,44000,0.0525,NA
1992,reg.27.1-2,demersal,Advice,0.304,58595,F,SSB,16185,16185,NA,2018,NA,NA,61600,44000,0.0525,NA
1993,reg.27.1-2,demersal,Advice,0.296,61412,F,SSB,16651,16651,NA,2018,NA,NA,61600,44000,0.0525,NA
1994,reg.27.1-2,demersal,Advice,0.309,63017,F,SSB,18120,18120,NA,2018,NA,NA,61600,44000,0.0525,NA
1995,reg.27.1-2,demersal,Advice,0.251,65844,F,SSB,15616,15616,NA,2018,NA,NA,61600,44000,0.0525,NA
1996,reg.27.1-2,demersal,Advice,0.282,65895,F,SSB,18043,18043,NA,2018,NA,NA,61600,44000,0.0525,NA
1997,reg.27.1-2,demersal,Advice,0.273,64909,F,SSB,17511,17511,NA,2018,NA,NA,61600,44000,0.0525,NA
1998,reg.27.1-2,demersal,Advice,0.306,60906,F,SSB,19155,19155,NA,2018,NA,NA,61600,44000,0.0525,NA
1999,reg.27.1-2,demersal,Advice,0.325,55172,F,SSB,18986,18986,NA,2018,NA,NA,61600,44000,0.0525,NA
2000,reg.27.1-2,demersal,Advice,0.26,51710,F,SSB,14461,14461,NA,2018,NA,NA,61600,44000,0.0525,NA
2001,reg.27.1-2,demersal,Advice,0.196,50596,F,SSB,10547,10547,NA,2018,NA,NA,61600,44000,0.0525,NA
2002,reg.27.1-2,demersal,Advice,0.179,49668,F,SSB,9643,9643,NA,2018,NA,NA,61600,44000,0.0525,NA
2003,reg.27.1-2,demersal,Advice,0.144,49595,F,SSB,7841,7841,NA,2018,NA,NA,61600,44000,0.0525,NA
2004,reg.27.1-2,demersal,Advice,0.136,49439,F,SSB,7206,7206,NA,2018,NA,NA,61600,44000,0.0525,NA
2005,reg.27.1-2,demersal,Advice,0.132,48954,F,SSB,7037,7037,NA,2018,NA,NA,61600,44000,0.0525,NA
2006,reg.27.1-2,demersal,Advice,0.142,47563,F,SSB,7388,7388,NA,2018,NA,NA,61600,44000,0.0525,NA
2007,reg.27.1-2,demersal,Advice,0.146,45565,F,SSB,7372,7372,NA,2018,NA,NA,61600,44000,0.0525,NA
2008,reg.27.1-2,demersal,Advice,0.136,43638,F,SSB,6599,6599,NA,2018,NA,NA,61600,44000,0.0525,NA
2009,reg.27.1-2,demersal,Advice,0.138,41406,F,SSB,6487,6487,NA,2018,NA,NA,61600,44000,0.0525,NA
2010,reg.27.1-2,demersal,Advice,0.184,37472,F,SSB,6981,6981,NA,2018,NA,NA,61600,44000,0.0525,NA
2011,reg.27.1-2,demersal,Advice,0.162,34677,F,SSB,5852,5852,NA,2018,NA,NA,61600,44000,0.0525,NA
2012,reg.27.1-2,demersal,Advice,0.176,31881,F,SSB,5517,5517,NA,2018,NA,NA,61600,44000,0.0525,NA
2013,reg.27.1-2,demersal,Advice,0.207,28902,F,SSB,5609,5609,NA,2018,NA,NA,61600,44000,0.0525,NA
2014,reg.27.1-2,demersal,Advice,0.189,27042,F,SSB,4436,4436,NA,2018,NA,NA,61600,44000,0.0525,NA
2015,reg.27.1-2,demersal,Advice,0.166,26031,F,SSB,3629,3629,NA,2018,NA,NA,61600,44000,0.0525,NA
2016,reg.27.1-2,demersal,Advice,0.232,24244,F,SSB,4675,4675,NA,2018,NA,NA,61600,44000,0.0525,NA
2017,reg.27.1-2,demersal,Advice,0.305,22039,F,SSB,5340,5340,NA,2018,NA,NA,61600,44000,0.0525,NA
1991,rjr.27.23a4,elasmobranch,Advice,NA,2.074,F,B_index,NA,NA,NA,2019,NA,NA,NA,NA,NA,NA
1992,rjr.27.23a4,elasmobranch,Advice,NA,1.409,F,B_index,NA,NA,NA,2019,NA,NA,NA,NA,NA,NA
1993,rjr.27.23a4,elasmobranch,Advice,NA,1.812,F,B_index,NA,NA,NA,2019,NA,NA,NA,NA,NA,NA
1994,rjr.27.23a4,elasmobranch,Advice,NA,0.893,F,B_index,NA,NA,NA,2019,NA,NA,NA,NA,NA,NA
1995,rjr.27.23a4,elasmobranch,Advice,NA,1.423,F,B_index,NA,NA,NA,2019,NA,NA,NA,NA,NA,NA
1996,rjr.27.23a4,elasmobranch,Advice,NA,1.211,F,B_index,NA,NA,NA,2019,NA,NA,NA,NA,NA,NA
1997,rjr.27.23a4,elasmobranch,Advice,NA,1.064,F,B_index,NA,NA,NA,2019,NA,NA,NA,NA,NA,NA
1998,rjr.27.23a4,elasmobranch,Advice,NA,1.103,F,B_index,NA,NA,NA,2019,NA,NA,NA,NA,NA,NA
1999,rjr.27.23a4,elasmobranch,Advice,NA,1.429,F,B_index,NA,NA,NA,2019,NA,NA,NA,NA,NA,NA
2000,rjr.27.23a4,elasmobranch,Advice,NA,1.632,F,B_index,NA,NA,NA,2019,NA,NA,NA,NA,NA,NA
2001,rjr.27.23a4,elasmobranch,Advice,NA,1.368,F,B_index,NA,NA,NA,2019,NA,NA,NA,NA,NA,NA
2002,rjr.27.23a4,elasmobranch,Advice,NA,1.126,F,B_index,NA,NA,NA,2019,NA,NA,NA,NA,NA,NA
2003,rjr.27.23a4,elasmobranch,Advice,NA,1.278,F,B_index,NA,NA,NA,2019,NA,NA,NA,NA,NA,NA
2004,rjr.27.23a4,elasmobranch,Advice,NA,0.936,F,B_index,NA,NA,NA,2019,NA,NA,NA,NA,NA,NA
2005,rjr.27.23a4,elasmobranch,Advice,NA,0.9,F,B_index,NA,NA,NA,2019,NA,NA,NA,NA,NA,NA
2006,rjr.27.23a4,elasmobranch,Advice,NA,0.763,F,B_index,NA,NA,NA,2019,NA,NA,NA,NA,NA,NA
2007,rjr.27.23a4,elasmobranch,Advice,NA,1.315,F,B_index,NA,NA,NA,2019,NA,NA,NA,NA,NA,NA
2008,rjr.27.23a4,elasmobranch,Advice,NA,0.907,F,B_index,NA,NA,NA,2019,NA,NA,NA,NA,NA,NA
2009,rjr.27.23a4,elasmobranch,Advice,NA,0.762,F,B_index,NA,NA,NA,2019,NA,NA,NA,NA,NA,NA
2010,rjr.27.23a4,elasmobranch,Advice,NA,0.618,F,B_index,NA,NA,NA,2019,NA,NA,NA,NA,NA,NA
2011,rjr.27.23a4,elasmobranch,Advice,NA,0.644,F,B_index,NA,NA,NA,2019,NA,NA,NA,NA,NA,NA
2012,rjr.27.23a4,elasmobranch,Advice,NA,0.602,F,B_index,0,NA,NA,2019,NA,NA,NA,NA,NA,NA
2013,rjr.27.23a4,elasmobranch,Advice,NA,0.435,F,B_index,0,NA,NA,2019,NA,NA,NA,NA,NA,NA
2014,rjr.27.23a4,elasmobranch,Advice,NA,0.446,F,B_index,0,NA,NA,2019,NA,NA,NA,NA,NA,NA
2015,rjr.27.23a4,elasmobranch,Advice,NA,0.681,F,B_index,0,NA,NA,2019,NA,NA,NA,NA,NA,NA
2016,rjr.27.23a4,elasmobranch,Advice,NA,0.523,F,B_index,0,NA,NA,2019,NA,NA,NA,NA,NA,NA
2017,rjr.27.23a4,elasmobranch,Advice,NA,0.365,F,B_index,0,NA,NA,2019,NA,NA,NA,NA,NA,NA
2018,rjr.27.23a4,elasmobranch,Advice,NA,0.28,F,B_index,1,NA,NA,2019,NA,NA,NA,NA,NA,NA
1990,rng.27.1245a8914ab,demersal,Advice,NA,NA,F,SSB,78,NA,NA,2019,NA,NA,NA,NA,NA,NA
1991,rng.27.1245a8914ab,demersal,Advice,NA,NA,F,SSB,113,NA,NA,2019,NA,NA,NA,NA,NA,NA
1992,rng.27.1245a8914ab,demersal,Advice,NA,NA,F,SSB,288,NA,NA,2019,NA,NA,NA,NA,NA,NA
1993,rng.27.1245a8914ab,demersal,Advice,NA,NA,F,SSB,326,NA,NA,2019,NA,NA,NA,NA,NA,NA
1994,rng.27.1245a8914ab,demersal,Advice,NA,NA,F,SSB,269,NA,NA,2019,NA,NA,NA,NA,NA,NA
1995,rng.27.1245a8914ab,demersal,Advice,NA,NA,F,SSB,441,NA,NA,2019,NA,NA,NA,NA,NA,NA
1996,rng.27.1245a8914ab,demersal,Advice,NA,NA,F,SSB,178,NA,NA,2019,NA,NA,NA,NA,NA,NA
1997,rng.27.1245a8914ab,demersal,Advice,NA,NA,F,SSB,366,NA,NA,2019,NA,NA,NA,NA,NA,NA
1998,rng.27.1245a8914ab,demersal,Advice,NA,NA,F,SSB,366,NA,NA,2019,NA,NA,NA,NA,NA,NA
1999,rng.27.1245a8914ab,demersal,Advice,NA,NA,F,SSB,458,NA,NA,2019,NA,NA,NA,NA,NA,NA
2000,rng.27.1245a8914ab,demersal,Advice,NA,NA,F,SSB,211,NA,NA,2019,NA,NA,NA,NA,NA,NA
2001,rng.27.1245a8914ab,demersal,Advice,NA,NA,F,SSB,238,NA,NA,2019,NA,NA,NA,NA,NA,NA
2002,rng.27.1245a8914ab,demersal,Advice,NA,NA,F,SSB,205,NA,NA,2019,NA,NA,NA,NA,NA,NA
2003,rng.27.1245a8914ab,demersal,Advice,NA,NA,F,SSB,151,NA,NA,2019,NA,NA,NA,NA,NA,NA
2004,rng.27.1245a8914ab,demersal,Advice,NA,NA,F,SSB,719,NA,NA,2019,NA,NA,NA,NA,NA,NA
2005,rng.27.1245a8914ab,demersal,Advice,NA,NA,F,SSB,173,NA,NA,2019,NA,NA,NA,NA,NA,NA
2006,rng.27.1245a8914ab,demersal,Advice,NA,NA,F,SSB,233,NA,NA,2019,NA,NA,NA,NA,NA,NA
2007,rng.27.1245a8914ab,demersal,Advice,NA,NA,F,SSB,84,NA,NA,2019,NA,NA,NA,NA,NA,NA
2008,rng.27.1245a8914ab,demersal,Advice,NA,NA,F,SSB,90,NA,NA,2019,NA,NA,NA,NA,NA,NA
2009,rng.27.1245a8914ab,demersal,Advice,NA,NA,F,SSB,102,NA,NA,2019,NA,NA,NA,NA,NA,NA
2010,rng.27.1245a8914ab,demersal,Advice,NA,NA,F,SSB,186,NA,NA,2019,NA,NA,NA,NA,NA,NA
2011,rng.27.1245a8914ab,demersal,Advice,NA,NA,F,SSB,253,NA,NA,2019,NA,NA,NA,NA,NA,NA
2012,rng.27.1245a8914ab,demersal,Advice,NA,NA,F,SSB,213,NA,NA,2019,NA,NA,NA,NA,NA,NA
2013,rng.27.1245a8914ab,demersal,Advice,NA,NA,F,SSB,232,NA,NA,2019,NA,NA,NA,NA,NA,NA
2014,rng.27.1245a8914ab,demersal,Advice,NA,NA,F,SSB,154,NA,NA,2019,NA,NA,NA,NA,NA,NA
2015,rng.27.1245a8914ab,demersal,Advice,NA,NA,F,SSB,216,NA,NA,2019,NA,NA,NA,NA,NA,NA
2016,rng.27.1245a8914ab,demersal,Advice,NA,NA,F,SSB,84,NA,NA,2019,NA,NA,NA,NA,NA,NA
2017,rng.27.1245a8914ab,demersal,Advice,NA,NA,F,SSB,125,NA,NA,2019,NA,NA,NA,NA,NA,NA
2018,rng.27.1245a8914ab,demersal,Advice,NA,NA,F,SSB,240,NA,NA,2019,NA,NA,NA,NA,NA,NA
NA,tsu.27.nea,demersal,NA,NA,NA,NA,NA,NA,NA,NA,2015,NA,NA,NA,NA,NA,NA
1988,usk.27.1-2,demersal,Advice,NA,NA,F,B_index,14403,NA,NA,2019,NA,NA,NA,NA,NA,NA
1989,usk.27.1-2,demersal,Advice,NA,NA,F,B_index,19350,NA,NA,2019,NA,NA,NA,NA,NA,NA
1990,usk.27.1-2,demersal,Advice,NA,NA,F,B_index,18628,NA,NA,2019,NA,NA,NA,NA,NA,NA
1991,usk.27.1-2,demersal,Advice,NA,NA,F,B_index,18306,NA,NA,2019,NA,NA,NA,NA,NA,NA
1992,usk.27.1-2,demersal,Advice,NA,NA,F,B_index,15974,NA,NA,2019,NA,NA,NA,NA,NA,NA
1993,usk.27.1-2,demersal,Advice,NA,NA,F,B_index,17585,NA,NA,2019,NA,NA,NA,NA,NA,NA
1994,usk.27.1-2,demersal,Advice,NA,NA,F,B_index,12566,NA,NA,2019,NA,NA,NA,NA,NA,NA
1995,usk.27.1-2,demersal,Advice,NA,NA,F,B_index,11617,NA,NA,2019,NA,NA,NA,NA,NA,NA
1996,usk.27.1-2,demersal,Advice,NA,NA,F,B_index,12795,NA,NA,2019,NA,NA,NA,NA,NA,NA
1997,usk.27.1-2,demersal,Advice,NA,NA,F,B_index,9426,NA,NA,2019,NA,NA,NA,NA,NA,NA
1998,usk.27.1-2,demersal,Advice,NA,NA,F,B_index,15353,NA,NA,2019,NA,NA,NA,NA,NA,NA
1999,usk.27.1-2,demersal,Advice,NA,NA,F,B_index,17183,NA,NA,2019,NA,NA,NA,NA,NA,NA
2000,usk.27.1-2,demersal,Advice,NA,77.55,F,B_index,14008,NA,NA,2019,NA,NA,NA,NA,NA,NA
2001,usk.27.1-2,demersal,Advice,NA,64.27,F,B_index,12061,NA,NA,2019,NA,NA,NA,NA,NA,NA
2002,usk.27.1-2,demersal,Advice,NA,56.73,F,B_index,12191,NA,NA,2019,NA,NA,NA,NA,NA,NA
2003,usk.27.1-2,demersal,Advice,NA,53.01,F,B_index,7940,NA,NA,2019,NA,NA,NA,NA,NA,NA
2004,usk.27.1-2,demersal,Advice,NA,62.87,F,B_index,7426,NA,NA,2019,NA,NA,NA,NA,NA,NA
2005,usk.27.1-2,demersal,Advice,NA,81.5,F,B_index,7050,NA,NA,2019,NA,NA,NA,NA,NA,NA
2006,usk.27.1-2,demersal,Advice,NA,89.44,F,B_index,9988,NA,NA,2019,NA,NA,NA,NA,NA,NA
2007,usk.27.1-2,demersal,Advice,NA,83.72,F,B_index,10744,NA,NA,2019,NA,NA,NA,NA,NA,NA
2008,usk.27.1-2,demersal,Advice,NA,86.74,F,B_index,11882,NA,NA,2019,NA,NA,NA,NA,NA,NA
2009,usk.27.1-2,demersal,Advice,NA,93.49,F,B_index,9657,NA,NA,2019,NA,NA,NA,NA,NA,NA
2010,usk.27.1-2,demersal,Advice,NA,108.18,F,B_index,12658,NA,NA,2019,NA,NA,NA,NA,NA,NA
2011,usk.27.1-2,demersal,Advice,NA,95.97,F,B_index,11646,NA,NA,2019,NA,NA,NA,NA,NA,NA
2012,usk.27.1-2,demersal,Advice,NA,93.88,F,B_index,10394,NA,NA,2019,NA,NA,NA,NA,NA,NA
2013,usk.27.1-2,demersal,Advice,NA,102.38,F,B_index,8662,NA,NA,2019,NA,NA,NA,NA,NA,NA
2014,usk.27.1-2,demersal,Advice,NA,106.43,F,B_index,8744,NA,NA,2019,NA,NA,NA,NA,NA,NA
2015,usk.27.1-2,demersal,Advice,NA,111.32,F,B_index,10091,NA,NA,2019,NA,NA,NA,NA,NA,NA
2016,usk.27.1-2,demersal,Advice,NA,112.18,F,B_index,11660,NA,NA,2019,NA,NA,NA,NA,NA,NA
2017,usk.27.1-2,demersal,Advice,NA,120.71,F,B_index,7926,NA,NA,2019,NA,NA,NA,NA,NA,NA
2018,usk.27.1-2,demersal,Advice,NA,111.66,F,B_index,10487,NA,NA,2019,NA,NA,NA,NA,NA,NA
